,0,1.01010101,2.02020202,3.03030303,4.04040404,5.050505051,6.060606061,7.070707071,8.080808081,9.090909091,10.1010101,11.11111111,12.12121212,13.13131313,14.14141414,15.15151515,16.16161616,17.17171717,18.18181818,19.19191919,20.2020202,21.21212121,22.22222222,23.23232323,24.24242424,25.25252525,26.26262626,27.27272727,28.28282828,29.29292929,30.3030303,31.31313131,32.32323232,33.33333333,34.34343434,35.35353535,36.36363636,37.37373737,38.38383838,39.39393939,40.4040404,41.41414141,42.42424242,43.43434343,44.44444444,45.45454545,46.46464646,47.47474747,48.48484848,49.49494949,50.50505051,51.51515152,52.52525253,53.53535354,54.54545455,55.55555556,56.56565657,57.57575758,58.58585859,59.5959596,60.60606061,61.61616162,62.62626263,63.63636364,64.64646465,65.65656566,66.66666667,67.67676768,68.68686869,69.6969697,70.70707071,71.71717172,72.72727273,73.73737374,74.74747475,75.75757576,76.76767677,77.77777778,78.78787879,79.7979798,80.80808081,81.81818182,82.82828283,83.83838384,84.84848485,85.85858586,86.86868687,87.87878788,88.88888889,89.8989899,90.90909091,91.91919192,92.92929293,93.93939394,94.94949495,95.95959596,96.96969697,97.97979798,98.98989899,100
0,-5.31982E-15,7.62305E-05,0.000152461,0.000228691,0.000304922,0.000381152,0.000457383,0.000533613,0.000609844,0.000686074,0.000762305,0.000838535,0.000914766,0.000990996,0.001067227,0.001143457,0.001219688,0.001295918,0.001372149,0.001448379,0.00152461,0.00160084,0.001677071,0.001753301,0.001829532,0.001905762,0.001981993,0.002058223,0.002134454,0.002210684,0.002286915,0.002363145,0.002439376,0.002515606,0.002591837,0.002668067,0.002744298,0.002820528,0.002896759,0.002972989,0.00304922,0.00312545,0.003201681,0.003277911,0.003354142,0.003430372,0.003506603,0.003582833,0.003659064,0.003735294,0.003811525,0.003887755,0.003963986,0.004040216,0.004116447,0.004192677,0.004268908,0.004345138,0.004421369,0.004497599,0.00457383,0.00465006,0.004726291,0.004802521,0.004878752,0.004954982,0.005031213,0.005107443,0.005183674,0.005259904,0.005336135,0.005412365,0.005488596,0.005564826,0.005641057,0.005717287,0.005793518,0.005869748,0.005945979,0.006022209,0.00609844,0.00617467,0.006250901,0.006327131,0.006403362,0.006479592,0.006555823,0.006632053,0.006708284,0.006784514,0.006860745,0.006936975,0.007013206,0.007089436,0.007165667,0.007241897,0.007318128,0.007394358,0.007470589,0.007546819
0.157245556,-5.18015E-15,0.018084813,0.036169625,0.054254438,0.072339251,0.090424063,0.108508876,0.126593689,0.144678501,0.162763314,0.180848127,0.198932939,0.217017752,0.235102565,0.253187377,0.27127219,0.289357003,0.307441815,0.325526628,0.343611441,0.361696253,0.379781066,0.397865879,0.415950691,0.434035504,0.452120317,0.470205129,0.488289942,0.506374755,0.524459567,0.54254438,0.560629193,0.578714005,0.596798818,0.614883631,0.632968443,0.651053256,0.669138069,0.687222881,0.705307694,0.723392507,0.741477319,0.759562132,0.777646945,0.795731757,0.81381657,0.831901383,0.849986195,0.868071008,0.886155821,0.904240633,0.922325446,0.940410259,0.958495071,0.976579884,0.994664697,1.012749509,1.030834322,1.048919135,1.067003947,1.08508876,1.103173573,1.121258385,1.139343198,1.157428011,1.175512823,1.193597636,1.211682449,1.229767261,1.247852074,1.265936887,1.284021699,1.302106512,1.320191325,1.338276137,1.35636095,1.374445763,1.392530575,1.410615388,1.428700201,1.446785013,1.464869826,1.482954639,1.501039451,1.519124264,1.537209077,1.555293889,1.573378702,1.591463515,1.609548327,1.62763314,1.645717953,1.663802765,1.681887578,1.699972391,1.718057203,1.736142016,1.754226829,1.772311641,1.790396454
0.314491111,-5.04049E-15,0.036093395,0.07218679,0.108280184,0.144373579,0.180466974,0.216560369,0.252653764,0.288747159,0.324840553,0.360933948,0.397027343,0.433120738,0.469214133,0.505307528,0.541400922,0.577494317,0.613587712,0.649681107,0.685774502,0.721867897,0.757961291,0.794054686,0.830148081,0.866241476,0.902334871,0.938428266,0.97452166,1.010615055,1.04670845,1.082801845,1.11889524,1.154988635,1.191082029,1.227175424,1.263268819,1.299362214,1.335455609,1.371549004,1.407642398,1.443735793,1.479829188,1.515922583,1.552015978,1.588109373,1.624202767,1.660296162,1.696389557,1.732482952,1.768576347,1.804669742,1.840763136,1.876856531,1.912949926,1.949043321,1.985136716,2.021230111,2.057323505,2.0934169,2.129510295,2.16560369,2.201697085,2.23779048,2.273883874,2.309977269,2.346070664,2.382164059,2.418257454,2.454350849,2.490444243,2.526537638,2.562631033,2.598724428,2.634817823,2.670911218,2.707004612,2.743098007,2.779191402,2.815284797,2.851378192,2.887471587,2.923564981,2.959658376,2.995751771,3.031845166,3.067938561,3.104031956,3.14012535,3.176218745,3.21231214,3.248405535,3.28449893,3.320592325,3.356685719,3.392779114,3.428872509,3.464965904,3.501059299,3.537152694,3.573246088
0.471736667,-4.90083E-15,0.054101977,0.108203954,0.162305931,0.216407908,0.270509885,0.324611862,0.378713839,0.432815816,0.486917793,0.54101977,0.595121747,0.649223724,0.703325701,0.757427678,0.811529655,0.865631632,0.919733609,0.973835586,1.027937563,1.08203954,1.136141517,1.190243494,1.244345471,1.298447448,1.352549425,1.406651402,1.460753379,1.514855356,1.568957333,1.62305931,1.677161287,1.731263264,1.785365241,1.839467218,1.893569195,1.947671172,2.001773149,2.055875126,2.109977103,2.16407908,2.218181057,2.272283034,2.326385011,2.380486988,2.434588965,2.488690942,2.542792919,2.596894896,2.650996873,2.70509885,2.759200827,2.813302804,2.867404781,2.921506758,2.975608735,3.029710712,3.083812689,3.137914666,3.192016643,3.24611862,3.300220597,3.354322574,3.408424551,3.462526528,3.516628505,3.570730482,3.624832459,3.678934436,3.733036413,3.78713839,3.841240367,3.895342344,3.949444321,4.003546298,4.057648275,4.111750252,4.165852229,4.219954206,4.274056183,4.32815816,4.382260137,4.436362114,4.490464091,4.544566068,4.598668045,4.652770022,4.706871999,4.760973976,4.815075953,4.86917793,4.923279907,4.977381884,5.031483861,5.085585838,5.139687815,5.193789792,5.247891769,5.301993746,5.356095723
0.628982223,-4.76117E-15,0.072110559,0.144221118,0.216331678,0.288442237,0.360552796,0.432663355,0.504773914,0.576884473,0.648995033,0.721105592,0.793216151,0.86532671,0.937437269,1.009547828,1.081658388,1.153768947,1.225879506,1.297990065,1.370100624,1.442211183,1.514321743,1.586432302,1.658542861,1.73065342,1.802763979,1.874874538,1.946985098,2.019095657,2.091206216,2.163316775,2.235427334,2.307537893,2.379648453,2.451759012,2.523869571,2.59598013,2.668090689,2.740201248,2.812311808,2.884422367,2.956532926,3.028643485,3.100754044,3.172864603,3.244975163,3.317085722,3.389196281,3.46130684,3.533417399,3.605527958,3.677638518,3.749749077,3.821859636,3.893970195,3.966080754,4.038191313,4.110301873,4.182412432,4.254522991,4.32663355,4.398744109,4.470854668,4.542965228,4.615075787,4.687186346,4.759296905,4.831407464,4.903518023,4.975628583,5.047739142,5.119849701,5.19196026,5.264070819,5.336181378,5.408291938,5.480402497,5.552513056,5.624623615,5.696734174,5.768844733,5.840955293,5.913065852,5.985176411,6.05728697,6.129397529,6.201508089,6.273618648,6.345729207,6.417839766,6.489950325,6.562060884,6.634171444,6.706282003,6.778392562,6.850503121,6.92261368,6.994724239,7.066834799,7.138945358
0.786227779,-4.62151E-15,0.090119141,0.180238283,0.270357424,0.360476565,0.450595707,0.540714848,0.630833989,0.720953131,0.811072272,0.901191413,0.991310555,1.081429696,1.171548837,1.261667979,1.35178712,1.441906261,1.532025403,1.622144544,1.712263685,1.802382827,1.892501968,1.982621109,2.072740251,2.162859392,2.252978533,2.343097675,2.433216816,2.523335957,2.613455099,2.70357424,2.793693381,2.883812523,2.973931664,3.064050805,3.154169947,3.244289088,3.334408229,3.424527371,3.514646512,3.604765653,3.694884795,3.785003936,3.875123077,3.965242219,4.05536136,4.145480501,4.235599643,4.325718784,4.415837925,4.505957067,4.596076208,4.686195349,4.776314491,4.866433632,4.956552773,5.046671915,5.136791056,5.226910198,5.317029339,5.40714848,5.497267622,5.587386763,5.677505904,5.767625046,5.857744187,5.947863328,6.03798247,6.128101611,6.218220752,6.308339894,6.398459035,6.488578176,6.578697318,6.668816459,6.7589356,6.849054742,6.939173883,7.029293024,7.119412166,7.209531307,7.299650448,7.38976959,7.479888731,7.570007872,7.660127014,7.750246155,7.840365296,7.930484438,8.020603579,8.11072272,8.200841862,8.290961003,8.381080144,8.471199286,8.561318427,8.651437568,8.74155671,8.831675851,8.921794992
0.943473334,-4.48184E-15,0.108127724,0.216255447,0.324383171,0.432510894,0.540638618,0.648766341,0.756894065,0.865021788,0.973149512,1.081277235,1.189404959,1.297532682,1.405660406,1.513788129,1.621915853,1.730043576,1.8381713,1.946299023,2.054426747,2.16255447,2.270682194,2.378809917,2.486937641,2.595065364,2.703193088,2.811320811,2.919448535,3.027576258,3.135703982,3.243831705,3.351959429,3.460087152,3.568214876,3.676342599,3.784470323,3.892598046,4.00072577,4.108853493,4.216981217,4.32510894,4.433236664,4.541364387,4.649492111,4.757619834,4.865747558,4.973875281,5.082003005,5.190130728,5.298258452,5.406386175,5.514513899,5.622641622,5.730769346,5.838897069,5.947024793,6.055152516,6.16328024,6.271407963,6.379535687,6.48766341,6.595791134,6.703918857,6.812046581,6.920174304,7.028302028,7.136429751,7.244557475,7.352685198,7.460812922,7.568940645,7.677068369,7.785196092,7.893323816,8.001451539,8.109579263,8.217706986,8.32583471,8.433962433,8.542090157,8.65021788,8.758345604,8.866473327,8.974601051,9.082728774,9.190856498,9.298984221,9.407111945,9.515239668,9.623367392,9.731495115,9.839622839,9.947750562,10.05587829,10.16400601,10.27213373,10.38026146,10.48838918,10.5965169,10.70464463
1.10071889,-4.34218E-15,0.126136306,0.252272611,0.378408917,0.504545223,0.630681528,0.756817834,0.88295414,1.009090445,1.135226751,1.261363057,1.387499362,1.513635668,1.639771974,1.765908279,1.892044585,2.018180891,2.144317196,2.270453502,2.396589808,2.522726113,2.648862419,2.774998725,2.90113503,3.027271336,3.153407642,3.279543947,3.405680253,3.531816559,3.657952864,3.78408917,3.910225476,4.036361781,4.162498087,4.288634393,4.414770699,4.540907004,4.66704331,4.793179616,4.919315921,5.045452227,5.171588533,5.297724838,5.423861144,5.54999745,5.676133755,5.802270061,5.928406367,6.054542672,6.180678978,6.306815284,6.432951589,6.559087895,6.685224201,6.811360506,6.937496812,7.063633118,7.189769423,7.315905729,7.442042035,7.56817834,7.694314646,7.820450952,7.946587257,8.072723563,8.198859869,8.324996174,8.45113248,8.577268786,8.703405091,8.829541397,8.955677703,9.081814008,9.207950314,9.33408662,9.460222925,9.586359231,9.712495537,9.838631842,9.964768148,10.09090445,10.21704076,10.34317707,10.46931337,10.59544968,10.72158598,10.84772229,10.97385859,11.0999949,11.2261312,11.35226751,11.47840382,11.60454012,11.73067643,11.85681273,11.98294904,12.10908534,12.23522165,12.36135796,12.48749426
1.257964446,-4.20252E-15,0.144144888,0.288289776,0.432434664,0.576579551,0.720724439,0.864869327,1.009014215,1.153159103,1.297303991,1.441448878,1.585593766,1.729738654,1.873883542,2.01802843,2.162173318,2.306318205,2.450463093,2.594607981,2.738752869,2.882897757,3.027042645,3.171187532,3.31533242,3.459477308,3.603622196,3.747767084,3.891911972,4.03605686,4.180201747,4.324346635,4.468491523,4.612636411,4.756781299,4.900926187,5.045071074,5.189215962,5.33336085,5.477505738,5.621650626,5.765795514,5.909940401,6.054085289,6.198230177,6.342375065,6.486519953,6.630664841,6.774809728,6.918954616,7.063099504,7.207244392,7.35138928,7.495534168,7.639679055,7.783823943,7.927968831,8.072113719,8.216258607,8.360403495,8.504548383,8.64869327,8.792838158,8.936983046,9.081127934,9.225272822,9.36941771,9.513562597,9.657707485,9.801852373,9.945997261,10.09014215,10.23428704,10.37843192,10.52257681,10.6667217,10.81086659,10.95501148,11.09915636,11.24330125,11.38744614,11.53159103,11.67573591,11.8198808,11.96402569,12.10817058,12.25231547,12.39646035,12.54060524,12.68475013,12.82889502,12.97303991,13.11718479,13.26132968,13.40547457,13.54961946,13.69376434,13.83790923,13.98205412,14.12619901,14.2703439
1.415210002,-4.06286E-15,0.16215347,0.32430694,0.48646041,0.64861388,0.81076735,0.97292082,1.13507429,1.29722776,1.45938123,1.6215347,1.78368817,1.94584164,2.10799511,2.27014858,2.43230205,2.59445552,2.75660899,2.91876246,3.08091593,3.2430694,3.40522287,3.56737634,3.72952981,3.89168328,4.05383675,4.21599022,4.37814369,4.54029716,4.70245063,4.8646041,5.02675757,5.18891104,5.35106451,5.51321798,5.67537145,5.83752492,5.99967839,6.16183186,6.32398533,6.4861388,6.64829227,6.81044574,6.97259921,7.13475268,7.29690615,7.45905962,7.62121309,7.78336656,7.94552003,8.1076735,8.26982697,8.43198044,8.59413391,8.75628738,8.91844085,9.08059432,9.24274779,9.40490126,9.56705473,9.7292082,9.89136167,10.05351514,10.21566861,10.37782208,10.53997555,10.70212902,10.86428249,11.02643596,11.18858943,11.3507429,11.51289637,11.67504984,11.83720331,11.99935678,12.16151025,12.32366372,12.48581719,12.64797066,12.81012413,12.9722776,13.13443107,13.29658454,13.45873801,13.62089148,13.78304495,13.94519842,14.10735189,14.26950536,14.43165883,14.5938123,14.75596577,14.91811924,15.08027271,15.24242618,15.40457965,15.56673312,15.72888659,15.89104006,16.05319353
1.572455557,-3.9232E-15,0.180162052,0.360324104,0.540486157,0.720648209,0.900810261,1.080972313,1.261134365,1.441296417,1.62145847,1.801620522,1.981782574,2.161944626,2.342106678,2.52226873,2.702430783,2.882592835,3.062754887,3.242916939,3.423078991,3.603241043,3.783403096,3.963565148,4.1437272,4.323889252,4.504051304,4.684213357,4.864375409,5.044537461,5.224699513,5.404861565,5.585023617,5.76518567,5.945347722,6.125509774,6.305671826,6.485833878,6.66599593,6.846157983,7.026320035,7.206482087,7.386644139,7.566806191,7.746968244,7.927130296,8.107292348,8.2874544,8.467616452,8.647778504,8.827940557,9.008102609,9.188264661,9.368426713,9.548588765,9.728750817,9.90891287,10.08907492,10.26923697,10.44939903,10.62956108,10.80972313,10.98988518,11.17004723,11.35020929,11.53037134,11.71053339,11.89069544,12.0708575,12.25101955,12.4311816,12.61134365,12.7915057,12.97166776,13.15182981,13.33199186,13.51215391,13.69231597,13.87247802,14.05264007,14.23280212,14.41296417,14.59312623,14.77328828,14.95345033,15.13361238,15.31377443,15.49393649,15.67409854,15.85426059,16.03442264,16.2145847,16.39474675,16.5749088,16.75507085,16.9352329,17.11539496,17.29555701,17.47571906,17.65588111,17.83604317
1.729701113,-3.78353E-15,0.198170634,0.396341269,0.594511903,0.792682537,0.990853172,1.189023806,1.38719444,1.585365075,1.783535709,1.981706343,2.179876978,2.378047612,2.576218246,2.774388881,2.972559515,3.170730149,3.368900784,3.567071418,3.765242053,3.963412687,4.161583321,4.359753956,4.55792459,4.756095224,4.954265859,5.152436493,5.350607127,5.548777762,5.746948396,5.94511903,6.143289665,6.341460299,6.539630933,6.737801568,6.935972202,7.134142836,7.332313471,7.530484105,7.728654739,7.926825374,8.124996008,8.323166642,8.521337277,8.719507911,8.917678545,9.11584918,9.314019814,9.512190448,9.710361083,9.908531717,10.10670235,10.30487299,10.50304362,10.70121425,10.89938489,11.09755552,11.29572616,11.49389679,11.69206743,11.89023806,12.08840869,12.28657933,12.48474996,12.6829206,12.88109123,13.07926187,13.2774325,13.47560314,13.67377377,13.8719444,14.07011504,14.26828567,14.46645631,14.66462694,14.86279758,15.06096821,15.25913884,15.45730948,15.65548011,15.85365075,16.05182138,16.24999202,16.44816265,16.64633328,16.84450392,17.04267455,17.24084519,17.43901582,17.63718646,17.83535709,18.03352773,18.23169836,18.42986899,18.62803963,18.82621026,19.0243809,19.22255153,19.42072217,19.6188928
1.886946669,-3.64387E-15,0.216179217,0.432358433,0.64853765,0.864716866,1.080896083,1.297075299,1.513254516,1.729433732,1.945612949,2.161792165,2.377971382,2.594150598,2.810329815,3.026509031,3.242688248,3.458867464,3.675046681,3.891225897,4.107405114,4.32358433,4.539763547,4.755942763,4.97212198,5.188301196,5.404480413,5.620659629,5.836838846,6.053018062,6.269197279,6.485376495,6.701555712,6.917734928,7.133914145,7.350093361,7.566272578,7.782451794,7.998631011,8.214810227,8.430989444,8.64716866,8.863347877,9.079527093,9.29570631,9.511885526,9.728064743,9.944243959,10.16042318,10.37660239,10.59278161,10.80896083,11.02514004,11.24131926,11.45749848,11.67367769,11.88985691,12.10603612,12.32221534,12.53839456,12.75457377,12.97075299,13.18693221,13.40311142,13.61929064,13.83546986,14.05164907,14.26782829,14.48400751,14.70018672,14.91636594,15.13254516,15.34872437,15.56490359,15.78108281,15.99726202,16.21344124,16.42962045,16.64579967,16.86197889,17.0781581,17.29433732,17.51051654,17.72669575,17.94287497,18.15905419,18.3752334,18.59141262,18.80759184,19.02377105,19.23995027,19.45612949,19.6723087,19.88848792,20.10466714,20.32084635,20.53702557,20.75320478,20.969384,21.18556322,21.40174243
2.044192225,-3.50421E-15,0.234187799,0.468375597,0.702563396,0.936751195,1.170938993,1.405126792,1.639314591,1.873502389,2.107690188,2.341877987,2.576065785,2.810253584,3.044441383,3.278629181,3.51281698,3.747004779,3.981192578,4.215380376,4.449568175,4.683755974,4.917943772,5.152131571,5.38631937,5.620507168,5.854694967,6.088882766,6.323070564,6.557258363,6.791446162,7.02563396,7.259821759,7.494009558,7.728197356,7.962385155,8.196572954,8.430760752,8.664948551,8.89913635,9.133324148,9.367511947,9.601699746,9.835887544,10.07007534,10.30426314,10.53845094,10.77263874,11.00682654,11.24101434,11.47520214,11.70938993,11.94357773,12.17776553,12.41195333,12.64614113,12.88032893,13.11451673,13.34870452,13.58289232,13.81708012,14.05126792,14.28545572,14.51964352,14.75383132,14.98801912,15.22220691,15.45639471,15.69058251,15.92477031,16.15895811,16.39314591,16.62733371,16.8615215,17.0957093,17.3298971,17.5640849,17.7982727,18.0324605,18.2666483,18.5008361,18.73502389,18.96921169,19.20339949,19.43758729,19.67177509,19.90596289,20.14015069,20.37433848,20.60852628,20.84271408,21.07690188,21.31108968,21.54527748,21.77946528,22.01365308,22.24784087,22.48202867,22.71621647,22.95040427,23.18459207
2.20143778,-3.36455E-15,0.252196381,0.504392762,0.756589143,1.008785523,1.260981904,1.513178285,1.765374666,2.017571047,2.269767428,2.521963808,2.774160189,3.02635657,3.278552951,3.530749332,3.782945713,4.035142094,4.287338474,4.539534855,4.791731236,5.043927617,5.296123998,5.548320379,5.800516759,6.05271314,6.304909521,6.557105902,6.809302283,7.061498664,7.313695045,7.565891425,7.818087806,8.070284187,8.322480568,8.574676949,8.82687333,9.07906971,9.331266091,9.583462472,9.835658853,10.08785523,10.34005161,10.592248,10.84444438,11.09664076,11.34883714,11.60103352,11.8532299,12.10542628,12.35762266,12.60981904,12.86201542,13.1142118,13.36640818,13.61860457,13.87080095,14.12299733,14.37519371,14.62739009,14.87958647,15.13178285,15.38397923,15.63617561,15.88837199,16.14056837,16.39276475,16.64496114,16.89715752,17.1493539,17.40155028,17.65374666,17.90594304,18.15813942,18.4103358,18.66253218,18.91472856,19.16692494,19.41912133,19.67131771,19.92351409,20.17571047,20.42790685,20.68010323,20.93229961,21.18449599,21.43669237,21.68888875,21.94108513,22.19328151,22.4454779,22.69767428,22.94987066,23.20206704,23.45426342,23.7064598,23.95865618,24.21085256,24.46304894,24.71524532,24.9674417
2.358683336,-3.22489E-15,0.270204963,0.540409926,0.810614889,1.080819852,1.351024815,1.621229778,1.891434741,2.161639704,2.431844667,2.70204963,2.972254593,3.242459556,3.512664519,3.782869482,4.053074445,4.323279408,4.593484371,4.863689334,5.133894297,5.40409926,5.674304223,5.944509186,6.214714149,6.484919112,6.755124075,7.025329038,7.295534001,7.565738964,7.835943927,8.10614889,8.376353853,8.646558816,8.916763779,9.186968742,9.457173705,9.727378668,9.997583631,10.26778859,10.53799356,10.80819852,11.07840348,11.34860845,11.61881341,11.88901837,12.15922334,12.4294283,12.69963326,12.96983822,13.24004319,13.51024815,13.78045311,14.05065808,14.32086304,14.591068,14.86127297,15.13147793,15.40168289,15.67188785,15.94209282,16.21229778,16.48250274,16.75270771,17.02291267,17.29311763,17.5633226,17.83352756,18.10373252,18.37393748,18.64414245,18.91434741,19.18455237,19.45475734,19.7249623,19.99516726,20.26537223,20.53557719,20.80578215,21.07598712,21.34619208,21.61639704,21.886602,22.15680697,22.42701193,22.69721689,22.96742186,23.23762682,23.50783178,23.77803675,24.04824171,24.31844667,24.58865163,24.8588566,25.12906156,25.39926652,25.66947149,25.93967645,26.20988141,26.48008638,26.75029134
2.515928892,-3.08522E-15,0.288213545,0.57642709,0.864640636,1.152854181,1.441067726,1.729281271,2.017494816,2.305708361,2.593921907,2.882135452,3.170348997,3.458562542,3.746776087,4.034989633,4.323203178,4.611416723,4.899630268,5.187843813,5.476057358,5.764270904,6.052484449,6.340697994,6.628911539,6.917125084,7.20533863,7.493552175,7.78176572,8.069979265,8.35819281,8.646406355,8.934619901,9.222833446,9.511046991,9.799260536,10.08747408,10.37568763,10.66390117,10.95211472,11.24032826,11.52854181,11.81675535,12.1049689,12.39318244,12.68139599,12.96960953,13.25782308,13.54603662,13.83425017,14.12246371,14.41067726,14.6988908,14.98710435,15.27531789,15.56353144,15.85174498,16.13995853,16.42817208,16.71638562,17.00459917,17.29281271,17.58102626,17.8692398,18.15745335,18.44566689,18.73388044,19.02209398,19.31030753,19.59852107,19.88673462,20.17494816,20.46316171,20.75137525,21.0395888,21.32780234,21.61601589,21.90422943,22.19244298,22.48065652,22.76887007,23.05708361,23.34529716,23.6335107,23.92172425,24.2099378,24.49815134,24.78636489,25.07457843,25.36279198,25.65100552,25.93921907,26.22743261,26.51564616,26.8038597,27.09207325,27.38028679,27.66850034,27.95671388,28.24492743,28.53314097
2.673174448,-2.94556E-15,0.306222127,0.612444255,0.918666382,1.224888509,1.531110637,1.837332764,2.143554891,2.449777019,2.755999146,3.062221273,3.368443401,3.674665528,3.980887656,4.287109783,4.59333191,4.899554038,5.205776165,5.511998292,5.81822042,6.124442547,6.430664674,6.736886802,7.043108929,7.349331056,7.655553184,7.961775311,8.267997438,8.574219566,8.880441693,9.18666382,9.492885948,9.799108075,10.1053302,10.41155233,10.71777446,11.02399658,11.33021871,11.63644084,11.94266297,12.24888509,12.55510722,12.86132935,13.16755148,13.4737736,13.77999573,14.08621786,14.39243999,14.69866211,15.00488424,15.31110637,15.61732849,15.92355062,16.22977275,16.53599488,16.842217,17.14843913,17.45466126,17.76088339,18.06710551,18.37332764,18.67954977,18.9857719,19.29199402,19.59821615,19.90443828,20.2106604,20.51688253,20.82310466,21.12932679,21.43554891,21.74177104,22.04799317,22.3542153,22.66043742,22.96665955,23.27288168,23.57910381,23.88532593,24.19154806,24.49777019,24.80399232,25.11021444,25.41643657,25.7226587,26.02888082,26.33510295,26.64132508,26.94754721,27.25376933,27.55999146,27.86621359,28.17243572,28.47865784,28.78487997,29.0911021,29.39732423,29.70354635,30.00976848,30.31599061
2.830420003,-2.8059E-15,0.32423071,0.648461419,0.972692129,1.296922838,1.621153548,1.945384257,2.269614967,2.593845676,2.918076386,3.242307095,3.566537805,3.890768514,4.214999224,4.539229933,4.863460643,5.187691352,5.511922062,5.836152771,6.160383481,6.48461419,6.8088449,7.133075609,7.457306319,7.781537028,8.105767738,8.429998447,8.754229157,9.078459866,9.402690576,9.726921285,10.051152,10.3753827,10.69961341,11.02384412,11.34807483,11.67230554,11.99653625,12.32076696,12.64499767,12.96922838,13.29345909,13.6176898,13.94192051,14.26615122,14.59038193,14.91461264,15.23884335,15.56307406,15.88730477,16.21153548,16.53576619,16.85999689,17.1842276,17.50845831,17.83268902,18.15691973,18.48115044,18.80538115,19.12961186,19.45384257,19.77807328,20.10230399,20.4265347,20.75076541,21.07499612,21.39922683,21.72345754,22.04768825,22.37191896,22.69614967,23.02038038,23.34461109,23.66884179,23.9930725,24.31730321,24.64153392,24.96576463,25.28999534,25.61422605,25.93845676,26.26268747,26.58691818,26.91114889,27.2353796,27.55961031,27.88384102,28.20807173,28.53230244,28.85653315,29.18076386,29.50499457,29.82922528,30.15345599,30.47768669,30.8019174,31.12614811,31.45037882,31.77460953,32.09884024
2.987665559,-2.66624E-15,0.342239292,0.684478583,1.026717875,1.368957167,1.711196458,2.05343575,2.395675042,2.737914333,3.080153625,3.422392917,3.764632209,4.1068715,4.449110792,4.791350084,5.133589375,5.475828667,5.818067959,6.16030725,6.502546542,6.844785834,7.187025125,7.529264417,7.871503709,8.213743,8.555982292,8.898221584,9.240460875,9.582700167,9.924939459,10.26717875,10.60941804,10.95165733,11.29389663,11.63613592,11.97837521,12.3206145,12.66285379,13.00509308,13.34733238,13.68957167,14.03181096,14.37405025,14.71628954,15.05852883,15.40076813,15.74300742,16.08524671,16.427486,16.76972529,17.11196458,17.45420388,17.79644317,18.13868246,18.48092175,18.82316104,19.16540033,19.50763963,19.84987892,20.19211821,20.5343575,20.87659679,21.21883608,21.56107538,21.90331467,22.24555396,22.58779325,22.93003254,23.27227183,23.61451113,23.95675042,24.29898971,24.641229,24.98346829,25.32570758,25.66794688,26.01018617,26.35242546,26.69466475,27.03690404,27.37914333,27.72138263,28.06362192,28.40586121,28.7481005,29.09033979,29.43257908,29.77481838,30.11705767,30.45929696,30.80153625,31.14377554,31.48601483,31.82825413,32.17049342,32.51273271,32.854972,33.19721129,33.53945059,33.88168988
3.144911115,-2.52657E-15,0.360247874,0.720495748,1.080743622,1.440991495,1.801239369,2.161487243,2.521735117,2.881982991,3.242230865,3.602478739,3.962726612,4.322974486,4.68322236,5.043470234,5.403718108,5.763965982,6.124213855,6.484461729,6.844709603,7.204957477,7.565205351,7.925453225,8.285701099,8.645948972,9.006196846,9.36644472,9.726692594,10.08694047,10.44718834,10.80743622,11.16768409,11.52793196,11.88817984,12.24842771,12.60867558,12.96892346,13.32917133,13.68941921,14.04966708,14.40991495,14.77016283,15.1304107,15.49065858,15.85090645,16.21115432,16.5714022,16.93165007,17.29189794,17.65214582,18.01239369,18.37264157,18.73288944,19.09313731,19.45338519,19.81363306,20.17388094,20.53412881,20.89437668,21.25462456,21.61487243,21.9751203,22.33536818,22.69561605,23.05586393,23.4161118,23.77635967,24.13660755,24.49685542,24.8571033,25.21735117,25.57759904,25.93784692,26.29809479,26.65834267,27.01859054,27.37883841,27.73908629,28.09933416,28.45958203,28.81982991,29.18007778,29.54032566,29.90057353,30.2608214,30.62106928,30.98131715,31.34156503,31.7018129,32.06206077,32.42230865,32.78255652,33.14280439,33.50305227,33.86330014,34.22354802,34.58379589,34.94404376,35.30429164,35.66453951
3.302156671,-2.38691E-15,0.378256456,0.756512912,1.134769368,1.513025824,1.89128228,2.269538736,2.647795192,3.026051648,3.404308104,3.78256456,4.160821016,4.539077472,4.917333928,5.295590384,5.67384684,6.052103296,6.430359752,6.808616208,7.186872664,7.56512912,7.943385576,8.321642032,8.699898488,9.078154944,9.4564114,9.834667856,10.21292431,10.59118077,10.96943722,11.34769368,11.72595014,12.10420659,12.48246305,12.8607195,13.23897596,13.61723242,13.99548887,14.37374533,14.75200178,15.13025824,15.5085147,15.88677115,16.26502761,16.64328406,17.02154052,17.39979698,17.77805343,18.15630989,18.53456634,18.9128228,19.29107926,19.66933571,20.04759217,20.42584863,20.80410508,21.18236154,21.56061799,21.93887445,22.31713091,22.69538736,23.07364382,23.45190027,23.83015673,24.20841319,24.58666964,24.9649261,25.34318255,25.72143901,26.09969547,26.47795192,26.85620838,27.23446483,27.61272129,27.99097775,28.3692342,28.74749066,29.12574711,29.50400357,29.88226003,30.26051648,30.63877294,31.01702939,31.39528585,31.77354231,32.15179876,32.53005522,32.90831167,33.28656813,33.66482459,34.04308104,34.4213375,34.79959395,35.17785041,35.55610687,35.93436332,36.31261978,36.69087623,37.06913269,37.44738915
3.459402226,-2.24725E-15,0.396265038,0.792530076,1.188795115,1.585060153,1.981325191,2.377590229,2.773855267,3.170120305,3.566385344,3.962650382,4.35891542,4.755180458,5.151445496,5.547710535,5.943975573,6.340240611,6.736505649,7.132770687,7.529035726,7.925300764,8.321565802,8.71783084,9.114095878,9.510360916,9.906625955,10.30289099,10.69915603,11.09542107,11.49168611,11.88795115,12.28421618,12.68048122,13.07674626,13.4730113,13.86927634,14.26554137,14.66180641,15.05807145,15.45433649,15.85060153,16.24686657,16.6431316,17.03939664,17.43566168,17.83192672,18.22819176,18.62445679,19.02072183,19.41698687,19.81325191,20.20951695,20.60578199,21.00204702,21.39831206,21.7945771,22.19084214,22.58710718,22.98337221,23.37963725,23.77590229,24.17216733,24.56843237,24.96469741,25.36096244,25.75722748,26.15349252,26.54975756,26.9460226,27.34228763,27.73855267,28.13481771,28.53108275,28.92734779,29.32361283,29.71987786,30.1161429,30.51240794,30.90867298,31.30493802,31.70120305,32.09746809,32.49373313,32.88999817,33.28626321,33.68252825,34.07879328,34.47505832,34.87132336,35.2675884,35.66385344,36.06011848,36.45638351,36.85264855,37.24891359,37.64517863,38.04144367,38.4377087,38.83397374,39.23023878
3.616647782,-2.10759E-15,0.41427362,0.828547241,1.242820861,1.657094481,2.071368102,2.485641722,2.899915342,3.314188963,3.728462583,4.142736204,4.557009824,4.971283444,5.385557065,5.799830685,6.214104305,6.628377926,7.042651546,7.456925166,7.871198787,8.285472407,8.699746027,9.114019648,9.528293268,9.942566889,10.35684051,10.77111413,11.18538775,11.59966137,12.01393499,12.42820861,12.84248223,13.25675585,13.67102947,14.08530309,14.49957671,14.91385033,15.32812395,15.74239757,16.15667119,16.57094481,16.98521843,17.39949205,17.81376568,18.2280393,18.64231292,19.05658654,19.47086016,19.88513378,20.2994074,20.71368102,21.12795464,21.54222826,21.95650188,22.3707755,22.78504912,23.19932274,23.61359636,24.02786998,24.4421436,24.85641722,25.27069084,25.68496446,26.09923808,26.5135117,26.92778532,27.34205894,27.75633256,28.17060618,28.5848798,28.99915342,29.41342705,29.82770067,30.24197429,30.65624791,31.07052153,31.48479515,31.89906877,32.31334239,32.72761601,33.14188963,33.55616325,33.97043687,34.38471049,34.79898411,35.21325773,35.62753135,36.04180497,36.45607859,36.87035221,37.28462583,37.69889945,38.11317307,38.52744669,38.94172031,39.35599393,39.77026755,40.18454117,40.59881479,41.01308842
3.773893338,-1.96793E-15,0.432282203,0.864564405,1.296846608,1.72912881,2.161411013,2.593693215,3.025975418,3.45825762,3.890539823,4.322822025,4.755104228,5.18738643,5.619668633,6.051950835,6.484233038,6.91651524,7.348797443,7.781079645,8.213361848,8.64564405,9.077926253,9.510208455,9.942490658,10.37477286,10.80705506,11.23933727,11.67161947,12.10390167,12.53618387,12.96846608,13.40074828,13.83303048,14.26531268,14.69759489,15.12987709,15.56215929,15.99444149,16.4267237,16.8590059,17.2912881,17.7235703,18.15585251,18.58813471,19.02041691,19.45269911,19.88498132,20.31726352,20.74954572,21.18182792,21.61411013,22.04639233,22.47867453,22.91095673,23.34323894,23.77552114,24.20780334,24.64008554,25.07236775,25.50464995,25.93693215,26.36921435,26.80149656,27.23377876,27.66606096,28.09834316,28.53062537,28.96290757,29.39518977,29.82747197,30.25975418,30.69203638,31.12431858,31.55660078,31.98888299,32.42116519,32.85344739,33.28572959,33.7180118,34.150294,34.5825762,35.0148584,35.44714061,35.87942281,36.31170501,36.74398721,37.17626942,37.60855162,38.04083382,38.47311602,38.90539823,39.33768043,39.76996263,40.20224483,40.63452704,41.06680924,41.49909144,41.93137364,42.36365585,42.79593805
3.931138894,-1.82826E-15,0.450290785,0.900581569,1.350872354,1.801163139,2.251453923,2.701744708,3.152035493,3.602326278,4.052617062,4.502907847,4.953198632,5.403489416,5.853780201,6.304070986,6.75436177,7.204652555,7.65494334,8.105234124,8.555524909,9.005815694,9.456106478,9.906397263,10.35668805,10.80697883,11.25726962,11.7075604,12.15785119,12.60814197,13.05843276,13.50872354,13.95901433,14.40930511,14.85959589,15.30988668,15.76017746,16.21046825,16.66075903,17.11104982,17.5613406,18.01163139,18.46192217,18.91221296,19.36250374,19.81279453,20.26308531,20.7133761,21.16366688,21.61395767,22.06424845,22.51453923,22.96483002,23.4151208,23.86541159,24.31570237,24.76599316,25.21628394,25.66657473,26.11686551,26.5671563,27.01744708,27.46773787,27.91802865,28.36831944,28.81861022,29.268901,29.71919179,30.16948257,30.61977336,31.07006414,31.52035493,31.97064571,32.4209365,32.87122728,33.32151807,33.77180885,34.22209964,34.67239042,35.12268121,35.57297199,36.02326278,36.47355356,36.92384434,37.37413513,37.82442591,38.2747167,38.72500748,39.17529827,39.62558905,40.07587984,40.52617062,40.97646141,41.42675219,41.87704298,42.32733376,42.77762455,43.22791533,43.67820611,44.1284969,44.57878768
4.088384449,-1.6886E-15,0.468299367,0.936598734,1.404898101,1.873197467,2.341496834,2.809796201,3.278095568,3.746394935,4.214694302,4.682993669,5.151293035,5.619592402,6.087891769,6.556191136,7.024490503,7.49278987,7.961089237,8.429388603,8.89768797,9.365987337,9.834286704,10.30258607,10.77088544,11.2391848,11.70748417,12.17578354,12.64408291,13.11238227,13.58068164,14.04898101,14.51728037,14.98557974,15.45387911,15.92217847,16.39047784,16.85877721,17.32707657,17.79537594,18.26367531,18.73197467,19.20027404,19.66857341,20.13687277,20.60517214,21.07347151,21.54177088,22.01007024,22.47836961,22.94666898,23.41496834,23.88326771,24.35156708,24.81986644,25.28816581,25.75646518,26.22476454,26.69306391,27.16136328,27.62966264,28.09796201,28.56626138,29.03456075,29.50286011,29.97115948,30.43945885,30.90775821,31.37605758,31.84435695,32.31265631,32.78095568,33.24925505,33.71755441,34.18585378,34.65415315,35.12245251,35.59075188,36.05905125,36.52735061,36.99564998,37.46394935,37.93224872,38.40054808,38.86884745,39.33714682,39.80544618,40.27374555,40.74204492,41.21034428,41.67864365,42.14694302,42.61524238,43.08354175,43.55184112,44.02014048,44.48843985,44.95673922,45.42503859,45.89333795,46.36163732
4.245630005,-1.54894E-15,0.486307949,0.972615898,1.458923847,1.945231796,2.431539745,2.917847694,3.404155643,3.890463592,4.376771541,4.86307949,5.349387439,5.835695388,6.322003337,6.808311286,7.294619235,7.780927184,8.267235133,8.753543082,9.239851031,9.726158981,10.21246693,10.69877488,11.18508283,11.67139078,12.15769873,12.64400667,13.13031462,13.61662257,14.10293052,14.58923847,15.07554642,15.56185437,16.04816232,16.53447027,17.02077822,17.50708616,17.99339411,18.47970206,18.96601001,19.45231796,19.93862591,20.42493386,20.91124181,21.39754976,21.88385771,22.37016566,22.8564736,23.34278155,23.8290895,24.31539745,24.8017054,25.28801335,25.7743213,26.26062925,26.7469372,27.23324515,27.71955309,28.20586104,28.69216899,29.17847694,29.66478489,30.15109284,30.63740079,31.12370874,31.61001669,32.09632464,32.58263258,33.06894053,33.55524848,34.04155643,34.52786438,35.01417233,35.50048028,35.98678823,36.47309618,36.95940413,37.44571207,37.93202002,38.41832797,38.90463592,39.39094387,39.87725182,40.36355977,40.84986772,41.33617567,41.82248362,42.30879157,42.79509951,43.28140746,43.76771541,44.25402336,44.74033131,45.22663926,45.71294721,46.19925516,46.68556311,47.17187106,47.658179,48.14448695
4.402875561,-1.40928E-15,0.504316531,1.008633062,1.512949594,2.017266125,2.521582656,3.025899187,3.530215718,4.03453225,4.538848781,5.043165312,5.547481843,6.051798374,6.556114906,7.060431437,7.564747968,8.069064499,8.57338103,9.077697561,9.582014093,10.08633062,10.59064716,11.09496369,11.59928022,12.10359675,12.60791328,13.11222981,13.61654634,14.12086287,14.6251794,15.12949594,15.63381247,16.138129,16.64244553,17.14676206,17.65107859,18.15539512,18.65971165,19.16402819,19.66834472,20.17266125,20.67697778,21.18129431,21.68561084,22.18992737,22.6942439,23.19856043,23.70287697,24.2071935,24.71151003,25.21582656,25.72014309,26.22445962,26.72877615,27.23309268,27.73740922,28.24172575,28.74604228,29.25035881,29.75467534,30.25899187,30.7633084,31.26762493,31.77194147,32.276258,32.78057453,33.28489106,33.78920759,34.29352412,34.79784065,35.30215718,35.80647371,36.31079025,36.81510678,37.31942331,37.82373984,38.32805637,38.8323729,39.33668943,39.84100596,40.3453225,40.84963903,41.35395556,41.85827209,42.36258862,42.86690515,43.37122168,43.87553821,44.37985474,44.88417128,45.38848781,45.89280434,46.39712087,46.9014374,47.40575393,47.91007046,48.41438699,48.91870353,49.42302006,49.92733659
4.560121117,-1.26962E-15,0.522325113,1.044650227,1.56697534,2.089300453,2.611625567,3.13395068,3.656275794,4.178600907,4.70092602,5.223251134,5.745576247,6.26790136,6.790226474,7.312551587,7.8348767,8.357201814,8.879526927,9.40185204,9.924177154,10.44650227,10.96882738,11.49115249,12.01347761,12.53580272,13.05812783,13.58045295,14.10277806,14.62510317,15.14742829,15.6697534,16.19207851,16.71440363,17.23672874,17.75905385,18.28137897,18.80370408,19.32602919,19.84835431,20.37067942,20.89300453,21.41532965,21.93765476,22.45997987,22.98230499,23.5046301,24.02695521,24.54928033,25.07160544,25.59393055,26.11625567,26.63858078,27.16090589,27.68323101,28.20555612,28.72788123,29.25020635,29.77253146,30.29485657,30.81718169,31.3395068,31.86183191,32.38415703,32.90648214,33.42880726,33.95113237,34.47345748,34.9957826,35.51810771,36.04043282,36.56275794,37.08508305,37.60740816,38.12973328,38.65205839,39.1743835,39.69670862,40.21903373,40.74135884,41.26368396,41.78600907,42.30833418,42.8306593,43.35298441,43.87530952,44.39763464,44.91995975,45.44228486,45.96460998,46.48693509,47.0092602,47.53158532,48.05391043,48.57623554,49.09856066,49.62088577,50.14321088,50.665536,51.18786111,51.71018622
4.717366672,-1.12995E-15,0.540333696,1.080667391,1.621001087,2.161334782,2.701668478,3.242002173,3.782335869,4.322669564,4.86300326,5.403336955,5.943670651,6.484004346,7.024338042,7.564671737,8.105005433,8.645339128,9.185672824,9.72600652,10.26634022,10.80667391,11.34700761,11.8873413,12.427675,12.96800869,13.50834239,14.04867608,14.58900978,15.12934347,15.66967717,16.21001087,16.75034456,17.29067826,17.83101195,18.37134565,18.91167934,19.45201304,19.99234673,20.53268043,21.07301413,21.61334782,22.15368152,22.69401521,23.23434891,23.7746826,24.3150163,24.85534999,25.39568369,25.93601739,26.47635108,27.01668478,27.55701847,28.09735217,28.63768586,29.17801956,29.71835325,30.25868695,30.79902065,31.33935434,31.87968804,32.42002173,32.96035543,33.50068912,34.04102282,34.58135651,35.12169021,35.6620239,36.2023576,36.7426913,37.28302499,37.82335869,38.36369238,38.90402608,39.44435977,39.98469347,40.52502716,41.06536086,41.60569456,42.14602825,42.68636195,43.22669564,43.76702934,44.30736303,44.84769673,45.38803042,45.92836412,46.46869782,47.00903151,47.54936521,48.0896989,48.6300326,49.17036629,49.71069999,50.25103368,50.79136738,51.33170108,51.87203477,52.41236847,52.95270216,53.49303586
4.874612228,-9.90291E-16,0.558342278,1.116684555,1.675026833,2.233369111,2.791711388,3.350053666,3.908395944,4.466738222,5.025080499,5.583422777,6.141765055,6.700107332,7.25844961,7.816791888,8.375134165,8.933476443,9.491818721,10.050161,10.60850328,11.16684555,11.72518783,12.28353011,12.84187239,13.40021466,13.95855694,14.51689922,15.0752415,15.63358378,16.19192605,16.75026833,17.30861061,17.86695289,18.42529516,18.98363744,19.54197972,20.100322,20.65866427,21.21700655,21.77534883,22.33369111,22.89203339,23.45037566,24.00871794,24.56706022,25.1254025,25.68374477,26.24208705,26.80042933,27.35877161,27.91711388,28.47545616,29.03379844,29.59214072,30.150483,30.70882527,31.26716755,31.82550983,32.38385211,32.94219438,33.50053666,34.05887894,34.61722122,35.17556349,35.73390577,36.29224805,36.85059033,37.40893261,37.96727488,38.52561716,39.08395944,39.64230172,40.20064399,40.75898627,41.31732855,41.87567083,42.4340131,42.99235538,43.55069766,44.10903994,44.66738222,45.22572449,45.78406677,46.34240905,46.90075133,47.4590936,48.01743588,48.57577816,49.13412044,49.69246271,50.25080499,50.80914727,51.36748955,51.92583183,52.4841741,53.04251638,53.60085866,54.15920094,54.71754321,55.27588549
5.031857784,-8.50629E-16,0.57635086,1.15270172,1.72905258,2.305403439,2.881754299,3.458105159,4.034456019,4.610806879,5.187157739,5.763508599,6.339859459,6.916210318,7.492561178,8.068912038,8.645262898,9.221613758,9.797964618,10.37431548,10.95066634,11.5270172,12.10336806,12.67971892,13.25606978,13.83242064,14.4087715,14.98512236,15.56147322,16.13782408,16.71417494,17.2905258,17.86687666,18.44322752,19.01957838,19.59592924,20.1722801,20.74863096,21.32498181,21.90133267,22.47768353,23.05403439,23.63038525,24.20673611,24.78308697,25.35943783,25.93578869,26.51213955,27.08849041,27.66484127,28.24119213,28.81754299,29.39389385,29.97024471,30.54659557,31.12294643,31.69929729,32.27564815,32.85199901,33.42834987,34.00470073,34.58105159,35.15740245,35.73375331,36.31010417,36.88645503,37.46280589,38.03915675,38.61550761,39.19185847,39.76820933,40.34456019,40.92091105,41.49726191,42.07361277,42.64996363,43.22631449,43.80266535,44.37901621,44.95536707,45.53171793,46.10806879,46.68441965,47.26077051,47.83712137,48.41347223,48.98982309,49.56617395,50.14252481,50.71887567,51.29522653,51.87157739,52.44792825,53.02427911,53.60062997,54.17698083,54.75333169,55.32968255,55.90603341,56.48238427,57.05873513
5.18910334,-7.10967E-16,0.594359442,1.188718884,1.783078326,2.377437768,2.97179721,3.566156652,4.160516094,4.754875536,5.349234978,5.94359442,6.537953862,7.132313304,7.726672746,8.321032188,8.91539163,9.509751073,10.10411051,10.69846996,11.2928294,11.88718884,12.48154828,13.07590772,13.67026717,14.26462661,14.85898605,15.45334549,16.04770493,16.64206438,17.23642382,17.83078326,18.4251427,19.01950215,19.61386159,20.20822103,20.80258047,21.39693991,21.99129936,22.5856588,23.18001824,23.77437768,24.36873712,24.96309657,25.55745601,26.15181545,26.74617489,27.34053433,27.93489378,28.52925322,29.12361266,29.7179721,30.31233154,30.90669099,31.50105043,32.09540987,32.68976931,33.28412875,33.8784882,34.47284764,35.06720708,35.66156652,36.25592596,36.85028541,37.44464485,38.03900429,38.63336373,39.22772317,39.82208262,40.41644206,41.0108015,41.60516094,42.19952038,42.79387983,43.38823927,43.98259871,44.57695815,45.17131759,45.76567704,46.36003648,46.95439592,47.54875536,48.1431148,48.73747425,49.33183369,49.92619313,50.52055257,51.11491201,51.70927146,52.3036309,52.89799034,53.49234978,54.08670922,54.68106867,55.27542811,55.86978755,56.46414699,57.05850644,57.65286588,58.24722532,58.84158476
5.346348895,-5.71305E-16,0.612368024,1.224736048,1.837104073,2.449472097,3.061840121,3.674208145,4.286576169,4.898944194,5.511312218,6.123680242,6.736048266,7.34841629,7.960784315,8.573152339,9.185520363,9.797888387,10.41025641,11.02262444,11.63499246,12.24736048,12.85972851,13.47209653,14.08446456,14.69683258,15.3092006,15.92156863,16.53393665,17.14630468,17.7586727,18.37104073,18.98340875,19.59577677,20.2081448,20.82051282,21.43288085,22.04524887,22.6576169,23.26998492,23.88235294,24.49472097,25.10708899,25.71945702,26.33182504,26.94419306,27.55656109,28.16892911,28.78129714,29.39366516,30.00603319,30.61840121,31.23076923,31.84313726,32.45550528,33.06787331,33.68024133,34.29260936,34.90497738,35.5173454,36.12971343,36.74208145,37.35444948,37.9668175,38.57918552,39.19155355,39.80392157,40.4162896,41.02865762,41.64102565,42.25339367,42.86576169,43.47812972,44.09049774,44.70286577,45.31523379,45.92760181,46.53996984,47.15233786,47.76470589,48.37707391,48.98944194,49.60180996,50.21417798,50.82654601,51.43891403,52.05128206,52.66365008,53.27601811,53.88838613,54.50075415,55.11312218,55.7254902,56.33785823,56.95022625,57.56259427,58.1749623,58.78733032,59.39969835,60.01206637,60.6244344
5.503594451,-4.31643E-16,0.630376606,1.260753213,1.891129819,2.521506425,3.151883032,3.782259638,4.412636245,5.043012851,5.673389457,6.303766064,6.93414267,7.564519276,8.194895883,8.825272489,9.455649096,10.0860257,10.71640231,11.34677891,11.97715552,12.60753213,13.23790873,13.86828534,14.49866195,15.12903855,15.75941516,16.38979177,17.02016837,17.65054498,18.28092158,18.91129819,19.5416748,20.1720514,20.80242801,21.43280462,22.06318122,22.69355783,23.32393444,23.95431104,24.58468765,25.21506425,25.84544086,26.47581747,27.10619407,27.73657068,28.36694729,28.99732389,29.6277005,30.25807711,30.88845371,31.51883032,32.14920692,32.77958353,33.40996014,34.04033674,34.67071335,35.30108996,35.93146656,36.56184317,37.19221978,37.82259638,38.45297299,39.08334959,39.7137262,40.34410281,40.97447941,41.60485602,42.23523263,42.86560923,43.49598584,44.12636245,44.75673905,45.38711566,46.01749226,46.64786887,47.27824548,47.90862208,48.53899869,49.1693753,49.7997519,50.43012851,51.06050512,51.69088172,52.32125833,52.95163493,53.58201154,54.21238815,54.84276475,55.47314136,56.10351797,56.73389457,57.36427118,57.99464779,58.62502439,59.255401,59.8857776,60.51615421,61.14653082,61.77690742,62.40728403
5.660840007,-2.91981E-16,0.648385189,1.296770377,1.945155566,2.593540754,3.241925943,3.890311131,4.53869632,5.187081508,5.835466697,6.483851885,7.132237074,7.780622262,8.429007451,9.077392639,9.725777828,10.37416302,11.02254821,11.67093339,12.31931858,12.96770377,13.61608896,14.26447415,14.91285934,15.56124452,16.20962971,16.8580149,17.50640009,18.15478528,18.80317047,19.45155566,20.09994084,20.74832603,21.39671122,22.04509641,22.6934816,23.34186679,23.99025198,24.63863716,25.28702235,25.93540754,26.58379273,27.23217792,27.88056311,28.5289483,29.17733348,29.82571867,30.47410386,31.12248905,31.77087424,32.41925943,33.06764462,33.7160298,34.36441499,35.01280018,35.66118537,36.30957056,36.95795575,37.60634093,38.25472612,38.90311131,39.5514965,40.19988169,40.84826688,41.49665207,42.14503725,42.79342244,43.44180763,44.09019282,44.73857801,45.3869632,46.03534839,46.68373357,47.33211876,47.98050395,48.62888914,49.27727433,49.92565952,50.57404471,51.22242989,51.87081508,52.51920027,53.16758546,53.81597065,54.46435584,55.11274103,55.76112621,56.4095114,57.05789659,57.70628178,58.35466697,59.00305216,59.65143735,60.29982253,60.94820772,61.59659291,62.2449781,62.89336329,63.54174848,64.19013366
5.818085563,-1.52319E-16,0.666393771,1.332787541,1.999181312,2.665575083,3.331968854,3.998362624,4.664756395,5.331150166,5.997543936,6.663937707,7.330331478,7.996725248,8.663119019,9.32951279,9.995906561,10.66230033,11.3286941,11.99508787,12.66148164,13.32787541,13.99426918,14.66066296,15.32705673,15.9934505,16.65984427,17.32623804,17.99263181,18.65902558,19.32541935,19.99181312,20.65820689,21.32460066,21.99099443,22.6573882,23.32378197,23.99017575,24.65656952,25.32296329,25.98935706,26.65575083,27.3221446,27.98853837,28.65493214,29.32132591,29.98771968,30.65411345,31.32050722,31.98690099,32.65329476,33.31968854,33.98608231,34.65247608,35.31886985,35.98526362,36.65165739,37.31805116,37.98444493,38.6508387,39.31723247,39.98362624,40.65002001,41.31641378,41.98280755,42.64920132,43.3155951,43.98198887,44.64838264,45.31477641,45.98117018,46.64756395,47.31395772,47.98035149,48.64674526,49.31313903,49.9795328,50.64592657,51.31232034,51.97871411,52.64510789,53.31150166,53.97789543,54.6442892,55.31068297,55.97707674,56.64347051,57.30986428,57.97625805,58.64265182,59.30904559,59.97543936,60.64183313,61.3082269,61.97462068,62.64101445,63.30740822,63.97380199,64.64019576,65.30658953,65.9729833
5.975331118,-1.26565E-17,0.684402353,1.368804706,2.053207059,2.737609411,3.422011764,4.106414117,4.79081647,5.475218823,6.159621176,6.844023529,7.528425882,8.212828234,8.897230587,9.58163294,10.26603529,10.95043765,11.63484,12.31924235,13.0036447,13.68804706,14.37244941,15.05685176,15.74125412,16.42565647,17.11005882,17.79446117,18.47886353,19.16326588,19.84766823,20.53207059,21.21647294,21.90087529,22.58527764,23.26968,23.95408235,24.6384847,25.32288706,26.00728941,26.69169176,27.37609411,28.06049647,28.74489882,29.42930117,30.11370353,30.79810588,31.48250823,32.16691058,32.85131294,33.53571529,34.22011764,34.90452,35.58892235,36.2733247,36.95772705,37.64212941,38.32653176,39.01093411,39.69533647,40.37973882,41.06414117,41.74854353,42.43294588,43.11734823,43.80175058,44.48615294,45.17055529,45.85495764,46.53936,47.22376235,47.9081647,48.59256705,49.27696941,49.96137176,50.64577411,51.33017647,52.01457882,52.69898117,53.38338352,54.06778588,54.75218823,55.43659058,56.12099294,56.80539529,57.48979764,58.17419999,58.85860235,59.5430047,60.22740705,60.91180941,61.59621176,62.28061411,62.96501646,63.64941882,64.33382117,65.01822352,65.70262588,66.38702823,67.07143058,67.75583293
6.132576674,1.49714E-13,0.692865375,1.385730545,2.078595869,2.771463943,3.464334894,4.157208468,4.850084397,5.542962476,6.235842457,6.928724175,7.621607306,8.314491656,9.007376923,9.700262819,10.39314906,11.08603536,11.77892147,12.47180716,13.16469197,13.85757566,14.55045785,15.24333818,15.93621625,16.62909176,17.32196418,18.01483299,18.70769782,19.40055823,20.09341362,20.78626333,21.47910671,22.17194552,22.86479838,23.55766978,24.25056075,24.94347191,25.63640379,26.32936081,27.0223437,27.71535133,28.40838295,29.10143867,29.79451807,30.48762064,31.18074612,31.87389508,32.56706768,33.26026422,33.95348502,34.64673102,35.34000296,36.03330129,36.72662655,37.41997951,38.1133619,38.80677992,39.50023775,40.19373752,40.88728161,41.58087306,42.27451555,42.96820999,43.66195677,44.35575902,45.04962014,45.74354441,46.43753625,47.13159991,47.82573946,48.51995973,49.2142652,49.90866155,50.6031551,51.29775212,51.99245915,52.68728346,53.38223306,54.07731647,54.77254162,55.4679171,56.16345106,56.8591573,57.55504669,58.25112949,58.94742585,59.64395221,60.34072648,61.03777008,61.73510708,62.43276232,63.13076364,63.8291425,64.52793457,65.22718053,65.92692454,66.62721579,67.32810991,68.0296645,68.7319501
6.28982223,4.0612E-13,0.701650441,1.403300179,2.104948309,2.806593939,3.508236234,4.209874201,4.911506987,5.613133565,6.314753711,7.016372637,7.717991421,8.419608997,9.121224247,9.822836386,10.52444415,11.22604671,11.92764298,12.62923168,13.33081137,14.03238124,14.7339399,15.43548591,16.1370177,16.83854044,17.54009841,18.24170116,18.94335177,19.64505158,20.34680182,21.04860579,21.75046496,22.4523804,23.1543551,23.85639107,24.55848944,25.26065174,25.96288116,26.66517901,27.36754619,28.06998508,28.77250385,29.47510195,30.17777858,30.88053316,31.58336664,32.2862886,32.98930928,33.69243215,34.39566088,35.09900054,35.80245745,36.50603643,37.20974283,37.91358292,38.61756335,39.32169379,40.02598398,40.7304436,41.43508145,42.1399063,42.84492662,43.55014758,44.255577,44.96123297,45.66713273,46.37328981,47.07972153,47.78644531,48.49348268,49.20085684,49.9085905,50.61671033,51.32524549,52.03422616,52.74368771,53.4536743,54.16423235,54.87540887,55.58725593,56.29982624,57.01317903,57.72740159,58.44255498,59.15876014,59.87613832,60.59482075,61.31495666,62.03672046,62.760319,63.48598644,64.21399097,64.94464564,65.6784498,66.41595717,67.15783572,67.90498551,68.65858354,69.42009566,70.19146789
6.447067786,3.35065E-13,0.712047347,1.424092468,2.136132841,2.84816618,3.560189601,4.272200826,4.984197178,5.69617586,6.408134475,7.120069716,7.831978704,8.543858616,9.255705766,9.967516358,10.67930945,11.39116076,12.10308861,12.81510167,13.52720124,14.23939231,14.95167805,15.66406037,16.37654463,17.08913436,17.8018313,18.51464019,19.22756595,19.94061085,20.65377768,21.36707208,22.08049798,22.79405802,23.50775483,24.22159425,24.9355976,25.64977726,26.36413946,27.07869349,27.79345087,28.50842051,29.223611,29.93903137,30.65469137,31.370602,32.08676986,32.80320206,33.51990758,34.23689704,34.95418361,35.67178492,36.38971605,37.10799229,37.82663079,38.54565111,39.26507865,39.98494131,40.70526933,41.42609145,42.147436,42.86933314,43.59181562,44.31489109,45.03859087,45.76299948,46.48817955,47.21419443,47.94110964,48.66901279,49.39800372,50.12818345,50.85966903,51.59260205,52.32714219,53.06346557,53.80177785,54.54232619,55.28540355,56.03133879,56.78050459,57.53332189,58.29037673,59.0523943,59.82027498,60.59517714,61.37850724,62.17208232,62.97845768,63.80118318,64.64261031,65.49016138,66.34112552,67.19538121,68.05270083,68.91202657,69.77039336,70.61483534,71.43599829,72.26682773,73.09017468
6.604313341,3.96572E-13,0.72416922,1.448330854,2.172475719,2.896634683,3.620925676,4.345363167,5.069950027,5.794690007,6.51958912,7.244648393,7.969875542,8.695273581,9.420844769,10.14659733,10.87253362,11.59865606,12.32497245,13.05148727,13.77820312,14.50512413,15.23227242,15.95967448,16.68733766,17.41526997,18.14348787,18.87201394,19.60085717,20.33002359,21.0595222,21.78936337,22.51955384,23.250106,23.98102948,24.7123362,25.44404394,26.17616625,26.9087185,27.64171697,28.37518065,29.10913288,29.84360248,30.57861705,31.31420599,32.05040066,32.78723729,33.52475334,34.26297906,35.00188402,35.74151784,36.48195452,37.22326327,37.9655249,38.708809,39.45320495,40.19882211,40.9457934,41.69425749,42.44435401,43.19626083,43.95016099,44.70625956,45.464747,46.22582529,46.98999725,47.75773281,48.529565,49.30616713,50.08838586,50.87728546,51.67420664,52.48089336,53.29596151,54.11224891,54.92942384,55.74746732,56.56626917,57.38561156,58.20511372,59.0241142,59.84167024,60.65672543,61.46734889,62.27326746,63.08153895,63.89413477,64.71290046,65.53943034,66.37049133,67.20649398,68.04883024,68.83638564,69.593441,70.3494599,71.10635461,71.86084863,72.62023002,73.37366132,74.13223798,74.88970398
6.761558897,1.662E-13,0.74402959,1.488118112,2.232329908,2.97670858,3.72129567,4.466137319,5.211268216,5.956725144,6.702551331,7.448785831,8.195458472,8.942629525,9.690493137,10.43908582,11.18840372,11.93844259,12.68919654,13.44065958,14.19283001,14.94569872,15.69924959,16.45346068,17.20830565,17.96377498,18.71986347,19.47656262,20.23386354,20.99176326,21.75026507,22.50938063,23.26912886,24.02954663,24.79068353,25.55259598,26.31535578,27.0790499,27.84378823,28.60971659,29.37697408,30.14575303,30.91625812,31.68875221,32.46351799,33.24094477,34.02142322,34.80554908,35.59397994,36.38752639,37.18449695,37.98161924,38.77891567,39.57570607,40.37181348,41.16761271,41.96312656,42.75843239,43.55353415,44.3482665,45.14243857,45.93588565,46.72847721,47.52008832,48.31026717,49.09947853,49.88890291,50.67875711,51.46919486,52.26040364,53.05262353,53.84612765,54.64132201,55.43864328,56.23759291,57.03803922,57.83996331,58.64314276,59.44681577,60.24888166,61.04806924,61.848713,62.65040718,63.45430516,64.26119908,65.05427606,65.82847651,66.60299198,67.37782414,68.15265867,68.92654204,69.70104864,70.4762521,71.25146093,72.0243805,72.79984331,73.57147713,74.34940798,75.12047718,75.89660444,76.67126375
6.918804453,3.80251E-15,0.791172852,1.582394174,2.373711495,3.165175284,3.956845941,4.748797149,5.541115842,6.333927988,7.12740324,7.921757816,8.716913982,9.509655065,10.3017937,11.09441471,11.88740152,12.67913139,13.47159667,14.26500789,15.05660328,15.84895622,16.64260304,17.43348393,18.22688222,19.01970787,19.81097498,20.60420163,21.39655324,22.18921898,22.9818918,23.7734257,24.56604068,25.35885984,26.1515082,26.94415099,27.73668083,28.52848564,29.32111147,30.11354829,30.90622885,31.69844185,32.48932709,33.28021986,34.07119474,34.86233608,35.65374894,36.44556689,37.23796641,38.03118163,38.82551783,39.62129146,40.41570594,41.2081442,42.00056639,42.79308694,43.58554869,44.38731027,45.18743853,45.98163608,46.76462779,47.54586579,48.32715887,49.10941008,49.89437896,50.68001114,51.46554372,52.25131526,53.03754403,53.8243958,54.61202223,55.4005692,56.19022403,56.98116731,57.77359964,58.56772509,59.36433564,60.164564,60.97056008,61.78224886,62.59402709,63.3973072,64.18990051,64.98240163,65.77508734,66.5674712,67.35978453,68.15221065,68.94491907,69.73740034,70.52933897,71.32209979,72.11523157,72.90830321,73.69917845,74.49256705,75.28310974,76.07640331,76.52184273,76.86100707,77.16508517
7.076050009,0,0.810480207,1.620950789,2.431502573,3.241663293,4.05219687,4.863267534,5.673037967,6.483642166,7.293611339,8.104539605,8.91571258,9.726147546,10.5351843,11.3462954,12.158231,12.96688846,13.7773364,14.58959451,15.39854694,16.20880431,17.0209896,17.8293378,18.64138508,19.45228615,20.26128944,21.07239817,21.88283313,22.69381923,23.50424573,24.31345319,25.12383149,25.93501136,26.7460894,27.55714375,28.36720233,29.17696081,29.98720773,30.79758774,31.60864784,32.41900241,33.22952128,34.04005811,34.85052916,35.66099287,36.47148592,37.28206793,38.09385016,38.90288433,39.71356914,40.52394564,41.33433353,42.14452495,42.9553111,43.76566325,44.57614901,45.39087943,46.19979897,47.00762564,47.8180985,48.62855449,49.43905145,50.24966485,51.10340211,51.92467073,52.72782088,53.52879963,54.32919522,55.1297351,55.93081587,56.73272726,57.53570793,58.33990679,59.14514901,59.95119159,60.75966398,61.57182014,62.39110182,63.20665247,64.02770693,64.83851993,65.64900445,66.45934885,67.27011996,68.08023615,68.89076507,69.70115872,70.51185234,71.32240263,72.13244314,72.9428583,73.75407885,74.56374135,75.13100745,75.53970193,75.87505793,76.17077682,76.44880331,76.71823222,76.98337004
7.233295564,-4.0766E-17,0.828607598,1.657173063,2.485653465,3.314074475,4.142418455,4.970876285,5.79957589,6.627898025,7.45636238,8.284863196,9.113183787,9.941882897,10.77035381,11.59881441,12.42726064,13.25567983,14.08440255,14.91278296,15.74127665,16.56991878,17.39837924,18.22648952,19.05517298,19.88396052,20.71214018,21.5406086,22.3691875,23.19766799,24.02609557,24.85458216,25.68289916,26.51160601,27.34018693,28.1685195,28.99715709,29.82558417,30.65414653,31.48412679,32.31078418,33.1392533,33.96790502,34.79654817,35.62511084,36.45358529,37.28195766,38.11060342,38.94016781,39.76738715,40.59613295,41.42445508,42.25282417,43.0814869,43.90994527,44.73841284,45.56677555,46.39518046,47.22375507,48.05225374,48.88103389,49.70950223,50.53774782,51.36711228,52.24176935,53.14326641,53.97716522,54.79415441,55.60693519,56.41829356,57.22934845,58.04076142,58.85301592,59.66637286,60.47991907,61.29447324,62.11348825,62.94155173,63.79114218,64.62191337,65.45067804,66.27953814,67.10787442,67.93624304,68.76499506,69.59320539,70.42157756,71.24995012,72.0786293,72.90736868,73.69112678,74.15097306,74.57233266,74.91509924,75.20565016,75.47295785,75.72925511,75.98048421,76.22934017,76.47663231,76.72243688
7.39054112,2.08167E-17,0.846622624,1.693230084,2.539609687,3.386083391,4.232663818,5.079097567,5.925418071,6.772030563,7.618659002,8.464923679,9.311509885,10.15800689,11.00453616,11.85091575,12.69747503,13.54386491,14.39041676,15.23718114,16.08365278,16.92981141,17.77639801,18.62325134,19.4696282,20.31587486,21.16260376,22.00912142,22.85543562,23.70199539,24.54852772,25.39492252,26.24137372,27.08790682,27.93457213,28.78118538,29.62777026,30.47417505,31.32047255,32.16961214,33.01317887,33.85964722,34.706326,35.55299518,36.39957431,37.24604211,38.09246045,38.93914348,39.78552634,40.63184216,41.47838493,42.32302851,43.17188464,44.01837486,44.86480996,45.71132589,46.55781319,47.40492482,48.25066951,49.09726001,49.94440632,50.79002659,51.63683196,52.48443685,53.37107466,54.30684684,55.18891779,56.03267346,56.86315583,57.68749377,58.50970621,59.33154924,60.15409966,60.97783393,61.80073784,62.62725991,63.46254367,64.29984727,65.18023785,66.0267437,66.8736085,67.7203175,68.56672132,69.41303222,70.25950719,71.10618844,71.95205309,72.69410061,73.179697,73.60955122,73.98020595,74.27252388,74.53085217,74.77361255,75.00957781,75.24302453,75.47562233,75.70771166,75.93927066,76.1702271,76.4006693
7.547786676,1.0365E-16,0.864693197,1.729377632,2.593767663,3.458212536,4.322698928,5.187155574,6.051498828,6.91612489,7.780717151,8.644930619,9.509781172,10.3740663,11.23859972,12.10320541,12.96749232,13.83215529,14.69669209,15.56117123,16.42581656,17.29010806,18.15472962,19.01946443,19.8839095,20.74816136,21.61286711,22.47745631,23.34183022,24.20634381,25.07084567,25.93529242,26.79968512,27.66429727,28.52885835,29.3935733,30.25829954,31.12264884,31.98688956,32.85447593,33.7155711,34.58005322,35.4447423,36.30942223,37.17401119,38.03849162,38.90289115,39.7675231,40.63093228,41.49637582,42.36095959,43.22353078,44.09114672,44.95550162,45.81997662,46.68437601,47.54882467,48.41416382,49.27759955,50.14219214,51.00739043,51.87072362,52.73569234,53.60159966,54.50002094,55.45201086,56.36217902,57.24255416,58.09386888,58.93599306,59.77336383,60.60795068,61.44228053,62.27685213,63.10820631,63.94017379,64.7822129,65.68375666,66.5670005,67.43167613,68.29636892,69.16085196,70.02513652,70.87826156,71.66367611,72.22954929,72.65712885,73.06145929,73.3722154,73.62658543,73.85643106,74.0758595,74.29177199,74.50731776,74.72346939,74.94027848,75.15761675,75.37534862,75.59347049,75.81171896,76.03014471
7.705032232,5.48606E-17,0.882747438,1.765484149,2.647886937,3.53028949,4.412713042,5.295197942,6.177590568,7.060177689,7.942759579,8.825014995,9.70787184,10.59017702,11.47269419,12.35537573,13.23759267,14.12030207,15.00292159,15.88532117,16.76799299,17.65039043,18.53296486,19.41562576,20.29813196,21.18043519,22.06311077,22.94571027,23.82811859,24.71062957,25.59312731,26.47559545,27.35800456,28.24063483,29.12320076,30.00594811,30.88865519,31.77100369,32.6532632,33.53869817,34.41805179,35.30049854,36.18316894,37.06583503,37.94841222,38.83090639,39.71331295,40.59592162,41.47700094,42.36067109,43.2434223,44.12797367,45.01018214,45.89254233,46.77484238,47.65721826,48.53963107,49.42312739,50.30437255,51.18696564,52.07033086,52.95140095,53.83436233,54.71854546,55.62861588,56.58378285,57.51688367,58.4196057,59.30442307,60.16516981,61.01626113,61.8633032,62.70908288,63.55201459,64.39564085,65.25716718,66.16684887,67.0656338,67.95381197,68.83646061,69.71860216,70.57267811,71.32637144,71.73927649,72.13506968,72.4982006,72.7630617,72.98370761,73.18614376,73.38225063,73.57772773,73.77489159,73.97420643,74.17548777,74.37845578,74.58290342,74.7886431,74.9953753,75.20309066,75.41177832,75.6214199
7.862277787,3.72966E-17,0.900735342,1.801487638,2.701887604,3.602307252,4.502767146,5.403248899,6.303626825,7.204253246,8.104862365,9.005105869,9.905984251,10.80628722,11.70682876,12.60747768,13.50775679,14.40846465,15.30902683,16.20951481,17.11019141,18.01050938,18.91113313,19.81191949,20.71236756,21.61261022,22.51336364,23.4139673,24.31426058,25.21486895,26.11543895,27.01587549,27.91632098,28.81690573,29.71760347,30.61830006,31.51880627,32.41916211,33.31970846,34.22212616,35.12079271,36.02141722,36.92181494,37.82217129,38.72260544,39.62320733,40.52404966,41.42447542,42.32515419,43.22605291,44.12692876,45.03122927,45.92921328,46.82929498,47.72957972,48.62996727,49.53032147,50.43186032,51.33098958,52.23161408,53.13326978,54.03202693,54.93296228,55.83522722,56.75685459,57.71370132,58.66315094,59.58058479,60.48121221,61.37152553,62.24647911,63.11008081,63.97017732,64.83187133,65.73795971,66.63930652,67.53971161,68.43992888,69.3409377,70.24128707,70.91171945,71.24637607,71.61511792,71.93465725,72.15993806,72.34819037,72.52299739,72.69505986,72.86926134,73.04727562,73.229149,73.414462,73.6027475,73.79367974,73.98686795,74.18198141,74.37889978,74.57751026,74.77770653,74.97936007,75.18237895
8.019523343,-2.21177E-17,0.918664557,1.837394601,2.755782894,3.674269965,4.592847665,5.511307895,6.429652889,7.348329803,8.266992717,9.185247974,10.10398893,11.02244846,11.94102076,12.85951242,13.77804907,14.69655101,15.61508463,16.53389993,17.45241982,18.37060513,19.28924588,20.20811113,21.12655418,22.04486188,22.96354624,23.88211947,24.80065425,25.71913648,26.63762376,27.55613518,28.47467249,29.39331207,30.31178358,31.2303468,32.14883302,33.06736687,33.98584843,34.904346,35.82268472,36.73974987,37.66096589,38.57960567,39.49813702,40.41760576,41.33501667,42.25431915,43.17419571,44.09147179,45.01022998,45.93368081,46.84812618,47.76587548,48.68416587,49.60254188,50.52088933,51.44032073,52.3574565,53.27614398,54.19613453,55.11259605,56.03150754,56.95160853,57.8848381,58.84315056,59.79596691,60.73573167,61.64884903,62.54951359,63.44031472,64.32117486,65.21633103,66.13480803,67.05331941,67.97225272,68.8906088,69.80878157,70.45281911,70.7537861,71.09752396,71.378629,71.56752671,71.72343159,71.86965085,72.01643881,72.1681665,72.32600238,72.48961474,72.6583147,72.83142713,73.00844687,73.18879149,73.3720571,73.55799505,73.74638291,73.93702001,74.12969811,74.32426406,74.52028432,74.71635413
8.176768899,-2.04372E-17,0.936614132,1.873297735,2.809767731,3.746298969,4.682744492,5.619291482,6.555912777,7.49235758,8.428928294,9.365498674,10.30180606,11.23864131,12.17518608,13.11155451,14.04821821,14.9846004,15.92148092,16.85790104,17.79440947,18.73125351,19.66762735,20.60389664,21.54060301,22.47718029,23.41368695,24.35023441,25.28672965,26.22322609,27.15971069,28.09623601,29.03282431,29.9693219,30.90593392,31.84239194,32.77880062,33.71526064,34.65164036,35.58797624,36.52372347,37.4572341,38.40158546,39.33810186,40.27429205,41.21251979,42.14658272,43.08382432,44.02233685,44.95659669,45.89325828,46.83546695,47.76679123,48.70233607,49.63860802,50.57497877,51.51134208,52.44855483,53.38381013,54.32057089,55.2588734,56.19314795,57.12991693,58.06769999,59.01271874,59.97231901,60.92677185,61.87643757,62.81227082,63.72736233,64.6325113,65.54991431,66.49517114,67.43163625,68.36711134,69.27932166,69.94063674,70.25177909,70.5810066,70.8347159,70.98943456,71.11236449,71.22853942,71.34844314,71.4761962,71.61257939,71.75689751,71.90815768,72.06543101,72.2279932,72.39507598,72.56614803,72.74081994,72.91875174,73.09964273,73.28320015,73.4692025,73.65718262,73.84582121,74.03549589,74.22645333
8.334014455,2.42861E-17,0.954598217,1.90917611,2.863683352,3.818232643,4.772894121,5.727422007,6.681808324,7.636425488,8.590728245,9.545769966,10.49977494,11.45453199,12.40924812,13.36393554,14.31840657,15.27285306,16.22738918,17.18211376,18.13664173,19.09106915,20.04570561,21.00017867,21.95472702,22.90926689,23.86375993,24.81830419,25.77283227,26.72733593,27.68183946,28.63638568,29.59100803,30.54554676,31.49997894,32.45445005,33.40893701,34.36330698,35.3176645,36.27175315,37.22497632,38.17643842,39.14138668,40.09613063,41.05004795,42.00649298,42.95802472,43.91299081,44.86964225,45.82143919,46.77597932,47.7365898,48.68511213,49.63868658,50.59292567,51.54727622,52.50164335,53.45661509,54.41014695,55.36488799,56.32116717,57.27379711,58.22812124,59.18364357,60.14075206,61.10130267,62.05704802,63.00854256,63.95618669,64.91001333,65.86472272,66.81928775,67.77380632,68.71838978,69.43632303,69.73717454,70.05878434,70.3034275,70.4283945,70.51782222,70.60210189,70.69312118,70.79509043,70.90849948,71.03227544,71.16507518,71.30567912,71.45310197,71.60637657,71.76480257,71.92783208,72.09499827,72.26588979,72.44011994,72.61739146,72.79721543,72.97831398,73.16091248,73.34517928,73.53113699,73.71874748
8.49126001,-7.99651E-14,1.055122871,2.069688183,3.009455364,3.940139068,4.872574697,5.83555976,6.807811673,7.780574848,8.752446412,9.726195768,10.69791831,11.67063206,12.64311116,13.61594356,14.58814995,15.56123162,16.53329838,17.50619471,18.47876827,19.45124625,20.42373076,21.39626081,22.36881473,23.34134548,24.31395559,25.28650096,26.25903219,27.23154833,28.20404462,29.17660382,30.1492154,31.12175089,32.09430508,33.06675711,34.03909211,35.01146389,35.98377263,36.9558156,37.92646062,38.89640282,39.8804157,40.85364788,41.82538047,42.79982492,43.76921744,44.74182377,45.7163362,46.68598946,47.65840778,48.63692265,49.60302909,50.57484926,51.54716602,52.51951093,53.49190041,54.46455231,55.43661421,56.40915528,57.38232867,58.35417683,59.32681662,60.299538,61.27192262,62.24458385,63.21699639,64.1897855,65.16226897,66.13484847,67.10743637,68.0800844,68.97930556,69.22083469,69.52947971,69.78192723,69.88412587,69.94131543,69.99253501,70.05258261,70.12664912,70.2152678,70.31701483,70.43014523,70.55308897,70.68455916,70.82335438,70.96857424,71.11949688,71.27550926,71.4360805,71.60071899,71.76904175,71.94054058,72.11394999,72.28934193,72.4668102,72.64632936,72.8278247,73.01120265,74.03801414
8.648505566,-5.65847E-14,1.129966936,2.240283388,3.306202536,4.285207245,5.217367738,6.151938812,7.089997677,8.032359952,8.979589769,9.932024834,10.89650536,11.88672147,12.87755802,13.86818652,14.85845876,15.84943381,16.83953159,17.83038357,18.82093275,19.81139386,20.80185419,21.79242874,22.78304441,23.77366356,24.76424855,25.75478042,26.74534,27.7358767,28.72636358,29.71693406,30.70751694,31.69804521,32.68864926,33.67908419,34.66941954,35.65977413,36.649992,37.64001708,38.62817933,39.6167211,40.61899417,41.61079235,42.60036315,43.5925715,44.58007829,45.57030529,46.56251052,47.55024802,48.54055266,49.53626819,50.52073483,51.51090904,52.5011982,53.49160805,54.48204338,55.47254461,56.46320269,57.45376511,58.44438506,59.43509467,60.42585007,61.41607294,62.40659661,63.39735462,64.38780093,65.37852829,66.36894294,67.35937242,68.32093395,68.69255805,68.99230523,69.26776726,69.35662802,69.38304025,69.40060332,69.4282288,69.47250837,69.53440375,69.61241375,69.70445609,69.80857428,69.92313511,70.04666407,70.17802048,70.31628495,70.46068457,70.6105486,70.76527235,70.92437663,71.08732912,71.25286138,71.42088359,71.59141597,71.7643827,71.9396704,72.11715261,72.80773146,74.30030828,75.81295237
8.805751122,-4.22411E-14,1.179879994,2.346801049,3.485197242,4.571851129,5.56211836,6.496085986,7.433103826,8.374167672,9.319996344,10.27107915,11.22783132,12.19071052,13.16034936,14.13785116,15.12904934,16.13744166,17.14600191,18.15474158,19.16329897,20.17176109,21.18023256,22.18877066,23.19735568,24.20597852,25.21458175,26.22313009,27.23170356,28.24024767,29.24873732,30.25731002,31.26588597,32.27442295,33.28302146,34.29146616,35.2998159,36.3081604,37.31636792,38.32436775,39.33023041,40.33729915,41.35739824,42.36754537,43.37498958,44.38487673,45.39052837,46.39847391,47.40820205,48.41422942,49.42242348,50.43379879,51.43860782,52.44690335,53.45544888,54.46393687,55.47259417,56.48125895,57.4898388,58.49833504,59.50721615,60.51586051,61.52451956,62.53274763,63.54122526,64.54988343,65.55817861,66.56700198,67.43499841,68.10148532,68.43675222,68.75237664,68.84769653,68.84503826,68.8275424,68.8209039,68.83358049,68.86703353,68.91966257,68.98909646,69.07306519,69.16961265,69.27696318,69.39369709,69.51866945,69.65092065,69.7896309,69.934065,70.08363309,70.23776686,70.39519555,70.55565052,70.71908033,70.8853555,71.05431971,71.22581013,71.58744188,73.05733159,74.54728856,76.05731279,77.58740429
8.962996678,-4.58094E-14,1.219227475,2.428924174,3.617934864,4.770764433,5.861215583,6.840293478,7.776427652,8.716267457,9.660719258,10.61041985,11.56584809,12.52749087,13.49610096,14.47336732,15.45978505,16.45453809,17.46072979,18.4790143,19.50554004,20.53204109,21.55874405,22.58522274,23.61176143,24.63828406,25.66493592,26.69152234,27.71808523,28.7446378,29.77113779,30.79769963,31.82429814,32.85084154,33.87745682,34.90390854,35.93026696,36.95663316,37.9828589,39.00887106,40.03263141,41.05807631,42.09570096,43.12393574,44.14928558,45.17677697,46.2005366,47.22641636,48.25342411,49.27791771,50.30403337,51.3302217,52.35664567,53.38360672,54.41020041,55.43653907,56.46320593,57.48982127,58.51624884,59.54301211,60.56996815,61.59646966,62.6228087,63.64958833,64.65484831,65.59700579,66.50099021,67.33736628,67.84832959,68.20486853,68.3574589,68.33145995,68.27687704,68.23288536,68.21124247,68.21407313,68.23958302,68.28494078,68.34744363,68.42478638,68.51493035,68.61617287,68.72712762,68.84662403,68.97366991,69.10738366,69.24705148,69.3920476,69.54111005,69.69377114,69.84990293,70.00932077,70.17182117,70.33720227,70.50527071,71.82434801,73.29161786,74.77895498,76.28635935,77.81383099,79.36136989
9.120242233,-4.32794E-14,1.252357743,2.497300078,3.726292747,4.927962054,6.084543394,7.162789798,8.119921302,9.058640027,10.00173674,10.95002195,11.90407831,12.86443322,13.83212823,14.80875495,15.79512747,16.78988182,17.79534379,18.81519142,19.85439643,20.89678459,21.9381595,22.98148465,24.02614803,25.07078424,26.11530442,27.15989797,28.20450693,29.24905332,30.29355801,31.33812193,32.38275308,33.42731667,34.47189198,35.51638342,36.56075407,37.6051783,38.64945618,39.6935048,40.7353862,41.77900702,42.83392871,43.87999737,44.92327378,45.96830214,47.01012917,48.05418563,49.09802659,50.14146388,51.18610748,52.23072097,53.27527166,54.31991541,55.36456239,56.4090859,57.45376861,58.49837295,59.54296827,60.58763661,61.63215145,62.64296428,63.63048151,64.59733407,65.53546349,66.42877286,67.19763864,67.61988183,67.88099245,67.84636196,67.75348547,67.66837183,67.60849383,67.5774366,67.5733743,67.5928163,67.6324146,67.68935068,67.76123279,67.84604485,67.94216554,68.04821625,68.16301832,68.28552424,68.41488059,68.55037283,68.69077128,68.83537995,68.98399273,69.13636282,69.29223703,69.45137035,69.61353268,70.60135753,72.04594027,73.51059027,74.99530753,76.50009205,78.02494383,79.56986287,81.13484918
9.277487789,-2.77433E-14,1.281273334,2.556569784,3.819098868,5.060069522,6.266431698,7.415688159,8.461533133,9.401259599,10.34304997,11.28990115,12.24253873,13.20157429,14.16828023,15.14406381,16.13000515,17.12524032,18.1299775,19.15445571,20.20511344,21.26406211,22.3252345,23.3864573,24.44407669,25.50438098,26.56566819,27.62827784,28.69086148,29.7534571,30.81601385,31.87860985,32.94121448,34.00379965,35.06628622,36.12883141,37.1913348,38.2537594,39.31613924,40.37822525,41.43848619,42.50006412,43.57208046,44.63575355,45.69699164,46.75953965,47.81950258,48.88174949,49.9433495,51.00602739,52.06863517,53.13124901,54.19385585,55.25647085,56.31896563,57.381902,58.44439656,59.50595877,60.54876065,61.57493542,62.58412907,63.57469387,64.5420777,65.47650755,66.35866908,67.00457751,67.39368423,67.39584065,67.26388812,67.13249417,67.02951899,66.96037156,66.92330732,66.91422102,66.92896734,66.96401808,67.01646456,67.08387003,67.16430391,67.25615471,67.35805806,67.46880535,67.58738337,67.71295623,67.84435514,67.98062314,68.12146798,68.26657583,68.4156396,68.56836693,68.72448771,69.38836017,70.81025579,72.25221867,73.71424881,75.19634622,76.69851088,78.22074281,79.763042,81.32540845,82.90784216
9.434733345,-2.41285E-14,1.307104729,2.609272757,3.900955181,5.175129445,6.421744629,7.624403321,8.752136857,9.744090802,10.68465385,11.6300719,12.58124536,13.53895293,14.50453647,15.47933769,16.46463359,17.46029346,18.46470156,19.4941605,20.55573393,21.63167743,22.71126424,23.79305136,24.86643467,25.94078366,27.01506143,28.10150184,29.18029417,30.25783467,31.33841259,32.419028,33.4996828,34.58024186,35.66091205,36.74142274,37.82193445,38.90244112,39.98284341,41.06303564,42.14186928,43.22123735,44.31012699,45.39126535,46.47052113,47.55043737,48.6288251,49.70920947,50.78981606,51.87040481,52.95113681,54.03175096,55.11236309,56.19306476,57.2736207,58.35317784,59.42062255,60.47352179,61.50890949,62.52494548,63.52000341,64.4890027,65.42009411,66.28656336,66.81141901,66.98393168,66.81872217,66.63334029,66.47988083,66.36690562,66.29247339,66.25150927,66.23879231,66.24995299,66.28142976,66.33024169,66.39403544,66.47088776,66.55919672,66.65757862,66.76485189,66.88005243,67.00205327,67.12965747,67.26245627,67.40006398,67.54211139,67.68825525,67.83818119,68.18535592,69.58456442,71.00384018,72.44318321,73.9025935,75.38207105,76.88161586,78.40122793,79.94090726,81.50065385,83.08046771,84.68034882
9.591978901,-2.33786E-14,1.33054735,2.656945267,3.974582347,5.277715219,6.558338647,7.803939943,8.992282217,10.07714677,11.02653535,11.97054553,12.9202186,13.87655379,14.84090166,15.81460067,16.79909492,17.79478997,18.80003697,19.83389916,20.90605136,21.99967489,23.0972504,24.19730928,25.28751328,26.3758341,27.46684691,28.57449403,29.67384463,30.76243481,31.86067423,32.95939846,34.05814669,35.15897618,36.25532835,37.35396695,38.45255902,39.55108375,40.64958819,41.74792128,42.8453173,43.94257168,45.04807406,46.14656972,47.2438052,48.34131645,49.43911153,50.53772133,51.63635631,52.73500666,53.83362829,54.93229058,56.03093569,57.12962832,58.22841211,59.32334397,60.39120978,61.43874039,62.4643429,63.46592094,64.43795953,65.36606125,66.16700912,66.58323649,66.43188141,66.18317444,65.96840856,65.80303285,65.68493822,65.6075728,65.56411149,65.54886635,65.55738761,65.5860585,65.63200685,65.69290362,65.76683799,65.8522015,65.94760713,66.0519417,66.16408624,66.28266118,66.40710276,66.53694306,66.67174493,66.81110792,66.95466865,67.1020988,68.36886616,69.76545481,71.18211072,72.61883389,74.07562432,75.55248201,77.04940696,78.56639918,80.10345866,81.66058539,83.23777939,84.83504065,86.45236917
9.749224456,-2.22382E-14,1.352061854,2.700614003,4.041750335,5.370677877,6.680890109,7.96253838,9.198888693,10.35743511,11.36866783,12.31132324,13.2594755,14.21438298,15.17738802,16.14987874,17.13343494,18.12891425,19.13589138,20.17388708,21.25601805,22.36642756,23.48198578,24.59947107,25.70699543,26.81023778,27.91889955,29.04573944,30.16462871,31.26714725,32.38286852,33.49967963,34.61690779,35.74181464,36.84963048,37.96605161,39.08573101,40.19955892,41.31628708,42.43282717,43.54884189,44.66400956,45.78580005,46.90165981,48.0169332,49.13288872,50.24953836,51.36623773,52.48282175,53.59949161,54.7161503,55.83280105,56.94952998,58.06638557,59.18323585,60.29377253,61.36106693,62.40045567,63.41159769,64.38875997,65.31394872,66.017188,66.11503022,65.79909314,65.50775268,65.27778357,65.10687444,64.9865824,64.90758507,64.86227102,64.84511942,64.85163126,64.87820965,64.92201625,64.98073285,65.0524348,65.13546726,65.22851793,65.33041397,65.43964511,65.55544885,65.67727328,65.80460872,65.93699303,66.07401075,66.21528976,67.16316101,68.53706254,69.93103133,71.34506739,72.7791707,74.23334128,75.70757911,77.20188421,78.71625657,80.25069619,81.80520307,83.37977722,84.97441862,86.58912729,88.22390321
9.906470012,-2.64814E-14,1.372237139,2.741264105,4.103728863,5.455934778,6.792448121,8.105251469,9.381350107,10.59675755,11.69987493,12.6524041,13.59903959,14.55244888,15.5140184,16.4851963,17.46769427,18.46275699,19.47197446,20.51414658,21.60565892,22.73203004,23.86555754,25.00019489,26.12543017,27.24435205,28.37082194,29.515983,30.65391596,31.77197477,32.90503445,34.03992453,35.17621147,36.32089124,37.4440715,38.57810672,39.71373429,40.84784366,41.98262303,43.11725308,44.25199006,45.38581451,46.52319022,47.65659699,48.79067014,49.92536862,51.0598191,52.19467588,53.32936268,54.46397406,55.59866865,56.73388255,57.86814178,59.00307391,60.1379631,61.26483863,62.32940996,63.35550878,64.34112307,65.2632757,65.82660549,65.50385956,65.11558708,64.80360615,64.56664414,64.39209534,64.26996932,64.1901402,64.14449926,64.12694661,64.13276841,64.15839797,64.20101013,64.2583325,64.32842442,64.40973111,64.50095914,64.6005293,64.70742091,64.82099215,64.94065848,65.06589147,65.19621727,65.33121297,65.96744897,67.31866338,68.68994506,70.08129399,71.49271019,72.92419365,74.37574437,75.84736235,77.3390476,78.8508001,80.38261986,81.93450689,83.50646118,85.09848273,86.71057154,88.34272761,89.99495094
10.06371557,-2.36176E-14,1.391423105,2.779895979,4.162318836,5.535307668,6.895097804,8.235416525,9.545467891,10.80693707,11.98271684,12.99377453,13.93892577,14.8907717,15.8508107,16.82057625,17.80189905,18.79638259,19.80806469,20.8544181,21.95492347,23.09670295,24.24814498,25.39998797,26.54317703,27.6781684,28.82264417,29.9854275,31.14239035,32.27686888,33.42718225,34.5801311,35.73549758,36.89834403,38.03865969,39.19017443,40.34120409,41.49623917,42.64903237,43.80171854,44.95438103,46.10773929,47.26015863,48.4124562,49.56515848,50.71779249,51.87050127,53.02317012,54.17582,55.32854061,56.48128334,57.63466432,58.78670416,59.93962537,61.09252938,62.2368548,63.29403514,64.29439754,65.20690457,65.32365373,64.81678784,64.39642316,64.0692819,63.82796519,63.65526258,63.5357624,63.45803371,63.41380776,63.39700245,63.40305578,63.42848646,63.47055264,63.52699386,63.59597206,63.67601359,63.76553711,63.86319446,63.96823748,64.07999651,64.1978731,64.32133325,64.44990024,64.78173004,66.11025733,67.45885189,68.82751371,70.21624279,71.62503914,73.05390274,74.5028336,75.97183173,77.46089712,78.97002977,80.49922968,82.04849685,83.61783128,85.20723297,86.81670193,88.44623814,90.09584162,91.76551236
10.22096112,-1.86818E-14,1.409734201,2.816762774,4.218216325,5.610936103,6.991322631,8.355372792,9.695090907,10.99518493,12.22795476,13.33045096,14.27913764,15.22937125,16.18779092,17.15604253,18.13607351,19.12983038,20.14371849,21.19452662,22.30385658,23.46062087,24.62988063,25.79899726,26.96033648,28.11175592,29.27423915,30.45432426,31.63022162,32.7817352,33.94931721,35.12031701,36.29434155,37.47493195,38.63325307,39.80226936,40.96934957,42.14454123,43.31580314,44.48625675,45.65687878,46.82749477,47.99821468,49.16889709,50.33957437,51.5102653,52.68091684,53.85165521,55.02233617,56.19304224,57.36372239,58.53479247,59.70516423,60.87597693,62.04672828,63.21030341,64.24680787,65.10613349,64.647989,64.06832801,63.62650672,63.30380414,63.07036721,62.90413284,62.78930375,62.71482634,62.67278088,62.65733808,62.66415344,62.68986418,62.73179602,62.78774431,62.85600162,62.93496494,63.02299458,63.11918234,63.22275896,63.33304435,63.44943686,63.5714029,63.6984682,64.9118444,66.23775184,67.58372654,68.94976851,70.33587773,71.74205422,73.16829797,74.61460897,76.08098725,77.56743278,79.07394557,80.60052562,82.14717294,83.71388752,85.30066935,86.90751845,88.53443481,90.18141844,91.84846932,93.53558746
10.37820668,-2.41494E-14,1.427272885,2.852054023,4.271700336,5.683279791,7.083394733,8.46807767,9.832931145,11.16624572,12.44552831,13.62519176,14.61967218,15.5682677,16.52498364,17.4916177,18.47024326,19.46313261,20.47889695,21.53430218,22.65251133,23.82381711,25.01091933,26.19735606,27.37687902,28.54526157,29.72542191,30.92273508,32.11743287,33.28648053,34.4714575,35.66048868,36.85280377,38.0508603,39.2277178,40.4144014,41.59804381,42.79257428,43.98225605,45.17058511,46.35924089,47.54798119,48.73667582,49.92537773,51.11403129,52.30282114,53.49152213,54.68014555,55.86900444,57.05793279,58.246241,59.43492858,60.62364177,61.81230464,63.00100735,64.18562481,64.66519632,63.84483602,63.25620169,62.83247316,62.52449656,62.30185839,62.14314735,62.03353461,61.96269525,61.9231494,61.90939422,61.91728508,61.94357857,61.98563347,62.04141086,62.10919047,62.18711691,62.2740514,62.36911485,62.47153241,62.58062381,62.69578983,62.81650114,63.72342457,65.02664489,66.34993248,67.69328733,69.05670944,70.44019881,71.84375544,73.26737933,74.71107048,76.1748289,77.65865457,79.16254751,80.68650771,82.23053517,83.79462989,85.37879187,86.98302112,88.60731762,90.25168139,91.91611242,93.6006107,95.30517625
10.53545224,-2.01221E-14,1.444106315,2.885916756,4.32301463,5.752659027,7.171676212,8.576256726,9.961968453,11.32342695,12.64181625,13.88207207,14.96051994,15.90748094,16.86241757,17.8273296,18.80443121,19.79631566,20.81361639,21.87366406,23.0007278,24.18637569,25.39125094,26.59514086,27.79284291,28.97854954,30.17621722,31.39070361,32.60385809,33.79103193,34.99360197,36.20066763,37.41093642,38.62629706,39.822015,41.02665305,42.22725887,43.44020919,44.64831185,45.8549467,47.06165315,48.26834907,49.47509409,50.68180539,51.88853441,53.09547665,54.30137106,55.50864688,56.71562615,57.92236247,59.1287601,60.33543823,61.54016867,62.74092505,63.9381002,63.76420545,62.9825591,62.43076082,62.02953905,61.73705335,61.52510521,61.37383434,61.26950948,61.202467,61.16566359,61.15387863,61.16313318,61.19024678,61.23272107,61.28860805,61.35589713,61.4331245,61.51928431,61.61350259,61.71501581,61.823149,61.93730929,62.54499785,63.82553106,65.12613153,66.44679926,67.78753425,69.1483365,70.52920602,71.93014279,73.35114683,74.79221813,76.25335669,77.73456251,79.23583559,80.75717593,82.29858354,83.8600584,85.44160053,87.04320992,88.66488657,90.30663048,91.96844165,93.65032008,95.35226578,97.07427873
10.69269779,-2.23025E-14,1.460293993,2.918491142,4.372328796,5.81932986,7.256507794,8.680236547,10.08611959,11.46935813,12.82114367,14.11073192,15.27755626,16.24702603,17.20012168,18.16320638,19.13866137,20.12940011,21.14788096,22.2125359,23.34842034,24.54836071,25.77089216,26.99233321,28.20824668,29.41148881,30.62663772,31.85827161,33.08964259,34.29533552,35.51576349,36.74085494,37.96881019,39.20134395,40.41613454,41.63909195,42.85701032,44.08779984,45.31451615,46.53948047,47.76409058,48.98876703,50.213493,51.43829864,52.66301683,53.88792168,55.11171948,56.33714351,57.56208855,58.78653629,60.01124021,61.2265632,62.42738344,63.21916275,62.80221401,62.11776973,61.59936952,61.21988289,60.94245666,60.74091874,60.59702178,60.49804055,60.43491249,60.40102525,60.39140456,60.40219814,60.43033533,60.47347995,60.52951583,60.59655665,60.67342016,60.75910492,60.85274494,60.95358693,61.06097164,61.37656424,62.63441033,63.91232368,65.2103043,66.52835217,67.86646731,69.22464971,70.60289937,72.00121629,73.41960047,74.85805191,76.31657062,77.79515658,79.29380981,80.81253029,82.35131804,83.91017305,85.48909532,87.08808486,88.70714165,90.34626571,92.00545702,93.6847156,95.38404144,97.10343454,98.8428949
10.84994335,-2.39058E-14,1.475898638,2.949853647,4.419834583,5.883496758,7.338123566,8.780316769,10.20579237,11.60940098,12.98655472,14.3174385,15.55295117,16.58691187,17.53812563,18.49927757,19.47295948,20.46242529,21.4816852,22.55084626,23.69549957,24.90977148,26.14990224,27.38892887,28.62297765,29.84405076,31.07671745,32.32548275,33.57492073,34.7993671,36.03795654,37.28106406,38.52650924,39.77604707,41.01012788,42.25173154,43.48738546,44.73565497,45.98033477,47.22414378,48.46655994,49.7091983,50.95188837,52.18806227,53.42835038,54.66778996,55.90207215,57.14915324,58.40881172,59.65103837,60.89381582,61.92247215,62.27828537,61.82931799,61.24322862,60.7640585,60.40521778,60.14222683,59.95072806,59.81396964,59.7202278,59.66102715,59.63012689,59.62277228,59.63518725,59.66451937,59.70842976,59.76464762,59.83171414,59.90846377,59.99390461,60.08718457,60.18756355,60.2943954,61.45328272,62.70850895,63.98380245,65.27916321,66.59459123,67.93008651,69.28564905,70.66127885,72.05697592,73.47274025,74.90857183,76.36447068,77.84043679,79.33647016,80.85257079,82.38873869,83.94497384,85.52127626,87.11764593,88.73408287,90.37058707,92.02715853,93.70379725,95.40050324,97.11727648,98.85411699,100.6110248
11.0071889,-1.68279E-14,1.490947567,2.980122967,4.465633256,5.945361494,7.416774002,8.876716607,10.32115818,11.74492101,13.1422618,14.50655049,15.79730821,16.92545578,17.87645907,18.83557714,19.80735289,20.79540223,21.81503633,22.88853662,24.04190482,25.27061329,26.52830838,27.78493863,29.03704295,30.27619183,31.52650275,32.79236713,34.0597752,35.3031393,36.56019219,37.82130995,39.08412258,40.35042764,41.6041954,42.86443354,44.11859263,45.38403801,46.64656059,47.90849043,49.16890334,50.42964014,51.68939666,52.89959458,54.10813445,55.3366661,56.57748401,57.82486886,59.07341211,60.26338408,60.93611937,61.25408064,60.84880329,60.34253965,59.9169212,59.5830607,59.33457956,59.15350612,59.02442374,58.93634512,58.88135991,58.85361514,58.84855389,58.8626927,58.8933405,58.93791846,58.99454536,59.06185245,59.13869015,59.2240791,59.31718194,59.4172734,60.28214821,61.51468733,62.76729371,64.03996735,65.33270826,66.64551642,67.97839184,69.33133453,70.70434448,72.09742169,73.51056616,74.94377789,76.39705688,77.87040314,79.36381665,80.87729743,82.41084547,83.96446077,85.53814333,87.13189315,88.74571023,90.37959457,92.03354618,93.70756505,95.40165117,97.11580456,98.85002521,100.6043131,102.3786683
11.16443446,-1.96121E-14,1.505491918,3.009358949,4.50986494,6.005074246,7.492641619,8.96969053,10.43242663,11.87586028,13.29374105,14.68120503,16.01765676,17.2299932,18.21514877,19.17214088,20.14187112,21.12833291,22.14793882,23.2255377,24.38759172,25.63089345,26.90611945,28.18038451,29.45051501,30.70793844,31.9760459,33.25896397,34.54424558,35.806702,37.08248867,38.36161037,39.64175278,40.92433814,42.1985535,43.47716617,44.75118813,46.03322629,47.31319934,48.59263585,49.87130107,51.15004336,52.33488486,53.52508234,54.74546153,55.97983762,57.21119806,58.38369848,59.37094865,59.97513233,60.22348916,59.86540657,59.42408549,59.04981798,58.7501184,58.51948658,58.34932903,58.22802556,58.14582617,58.09540378,58.07119432,58.06882452,58.08503313,58.11702922,58.16242367,58.21964479,58.28736837,58.36446089,58.44996072,58.54304425,59.12100681,60.33085882,61.56077808,62.81076461,64.08081839,65.37093944,66.68112775,68.01138332,69.36170615,70.73209624,72.1225536,73.53307821,74.96367009,76.41432922,77.88505562,79.37584928,80.8867102,82.41763839,83.96863383,85.53969653,87.1308265,88.74202373,90.37328821,92.02461996,93.69601898,95.38748525,97.09901878,98.83061957,100.5822876,102.3540229,104.1458255
11.32168001,-2.39286E-14,1.519561109,3.037630011,4.552630981,6.062764964,7.565926795,9.059424996,10.5397942,12.0023292,13.44072611,14.84790494,16.21877813,17.49737723,18.55421523,19.50900689,20.47654816,21.46122792,22.48039119,23.56178682,24.73249733,25.99062925,27.28334617,28.57528724,29.86345347,31.13932987,32.42540107,33.72532292,35.02834091,36.31016098,37.60488151,38.90197828,40.19958761,41.49762841,42.79313907,44.08993791,45.38667864,46.68325914,47.98004007,49.27695757,50.57369866,51.75173252,52.93046868,54.14406475,55.37019429,56.52849388,57.61259421,58.43343595,59.04660813,59.2041134,58.88827224,58.50234635,58.17273706,57.90557958,57.69596644,57.53819394,57.42537474,57.34952227,57.30388077,57.28324554,57.28370241,57.30211193,57.33558391,57.38214562,57.44024091,57.50857842,57.58607728,57.67182865,57.96985853,59.15702341,60.36425556,61.59155497,62.83892164,64.10635557,65.39385676,66.70142521,68.02906093,69.3767639,70.74453414,72.13237164,73.5402764,74.96824842,76.4162877,77.88439424,79.37256805,80.88080911,82.40911744,83.95749303,85.52593588,87.11444599,88.72302336,90.35166799,92.00037989,93.66915904,95.35800546,97.06691914,98.79590008,100.5449483,102.3140637,104.1032465,105.9124964
11.47892557,-1.82989E-14,1.533181575,3.065001691,4.594009148,6.118578169,7.636761086,9.14612547,10.64347462,12.12443746,13.58299121,15.01123932,16.40414407,17.73639921,18.89202579,19.84621585,20.81142161,21.79410602,22.81240014,23.89704859,25.07656774,26.34983264,27.65999938,28.96967103,30.27590401,31.57040616,32.87461822,34.19148124,35.51197092,36.81375109,38.1273552,39.44242475,40.75774836,42.0706877,43.38749688,44.70236716,46.01708577,47.33181173,48.64665643,49.95786091,51.15116677,52.32729281,53.53644328,54.71003236,55.80962924,56.78932756,57.51815545,58.12890766,58.20072378,57.92212879,57.58196811,57.28964414,57.05279861,56.86527573,56.72136272,56.61716896,56.54764229,56.50702432,56.49030342,56.49381219,56.51434491,56.54946144,56.59735193,56.65650542,56.7256609,56.80376183,56.88991626,57.99318112,59.17772615,60.38233844,61.607018,62.85176481,64.11657889,65.40146022,66.70640882,68.03142468,69.3765078,70.74165818,72.12687582,73.53216073,74.95751289,76.40293232,77.868419,79.35397295,80.85959416,82.38528263,83.93103837,85.49686136,87.08275161,88.68870913,90.31473391,91.96082595,93.62698525,95.31321181,97.01950563,98.74586671,100.4922951,102.2587907,104.0453535,105.8519837,107.678681
11.63617113,-1.79988E-14,1.546382881,3.091519672,4.634092445,6.172610334,7.705302414,9.229958635,10.74364282,12.24238213,13.72050742,15.17009669,16.58226445,17.95309872,19.19621618,20.18380891,21.14653294,22.12699397,23.14397554,24.23125917,25.41976434,26.70851832,28.03611802,29.36357242,30.68789752,32.00120233,33.32373341,34.65755345,35.99495593,37.31764236,38.64996411,39.98297467,41.31613428,42.64498797,43.98189153,45.31464911,46.64745346,47.98021165,49.31302646,50.53654329,51.71727793,52.92201224,54.01459057,55.04758467,55.93002289,56.61757915,57.18834696,57.21277492,56.9673738,56.66688273,56.40612787,56.19435266,56.02702776,55.89861686,55.80460966,55.7414278,55.7054864,55.69265858,55.69926301,55.72213521,55.7591171,55.80848754,55.86882906,55.93893137,56.01776599,56.83933194,58.00118985,59.18311503,60.38510746,61.60716716,62.84929412,64.11148834,65.39374982,66.69607856,68.01847456,69.36093783,70.72346835,72.10606614,73.50873119,74.9314635,76.37426307,77.8371299,79.32006399,80.82306535,82.34613396,83.88926984,85.45247298,87.03574338,88.63908104,90.26248596,91.90595814,93.56949759,95.25310429,96.95677826,98.68051949,100.424328,102.1882037,103.9721467,105.776157,107.6002345,109.4443793
11.79341668,-1.5926E-14,1.559186153,3.117235316,4.672948038,6.2249622,7.771677984,9.311069383,10.84050291,12.35632462,13.85334882,15.32401784,16.75808421,18.15165871,19.46336325,20.52182362,21.48192963,22.4599275,23.47512993,24.56439209,25.7620484,27.06670277,28.41173541,29.75703696,31.0994451,32.43180637,33.772785,35.12369883,36.47715289,37.82195588,39.17268181,40.52361547,41.87453107,43.22542197,44.57620402,45.92698449,47.27782189,48.62036584,49.91382445,51.10036425,52.27527437,53.2998216,54.25574361,55.06196593,55.72661183,56.24049658,56.23898299,56.02325713,55.75748513,55.52429928,55.33419332,55.18423656,55.06977941,54.98661074,54.93115658,54.90020776,54.89106882,54.90051579,54.92580209,54.96481602,55.01585213,55.07752718,55.14869396,55.69547587,56.83464666,57.99388472,59.17319004,60.37256262,61.59200246,62.83150956,64.09108393,65.37072555,66.67043444,67.99021059,69.330054,70.68996467,72.0699426,73.46998779,74.89010024,76.33027996,77.79052694,79.27084117,80.77122267,82.29167143,83.83218745,85.39277074,86.97342128,88.57413909,90.19492415,91.83577648,93.49669607,95.17768292,96.87873703,98.5998584,100.341047,102.1023029,103.8836261,105.6850165,107.5064742,109.3479991,111.2095913
11.95066224,-1.38983E-14,1.571610511,3.14219148,4.71063584,6.275729264,7.835992919,9.389620556,10.93420625,12.46646045,13.98167041,15.47280764,16.92958809,18.3408413,19.70212618,20.86029211,21.81766507,22.79295167,23.80588102,24.89643253,26.10337791,27.42440952,28.78689888,30.15011014,31.51052469,32.86207523,34.22166024,35.59017144,36.95847521,38.32652197,39.69532176,41.06421212,42.43297146,43.80175917,45.17057388,46.53936497,47.90816339,49.25215201,50.47794477,51.60116205,52.57269045,53.44876192,54.1957014,54.84207696,55.29441153,55.27806793,55.08883712,54.85356008,54.64465796,54.473721,54.33911742,54.23709227,54.16391325,54.11610759,54.0909793,54.08587448,54.09817439,54.1258528,54.16692673,54.21971296,54.28284197,54.5616129,55.67809658,56.81464752,57.97126573,59.14795119,60.34470391,61.5615239,62.79841115,64.05536566,65.33238743,66.62947646,67.94663275,69.2838563,70.64114712,72.01850519,73.41593053,74.83342313,76.27098299,77.72861011,79.20630449,80.70406613,82.22189504,83.7597912,85.31775463,86.89578532,88.49388327,90.11204848,91.75028095,93.40858068,95.08694768,96.78538193,98.50388345,100.2424522,102.0010883,103.7797916,105.5785621,107.3974,109.236305,111.0952774,112.974317
12.10790779,-1.83635E-14,1.583679291,3.166422506,4.747225678,6.32498482,7.898365956,9.465733119,11.02491877,12.57297336,14.10562352,15.61650858,17.09584853,18.52994584,19.91843983,21.17652759,22.15379758,23.12611901,24.13625724,25.22735575,26.44371609,27.78166836,29.16165447,30.54280635,31.9210964,33.2919624,34.67030293,36.05717499,37.4384122,38.8308909,40.21762973,41.60444642,42.9913047,44.37806093,45.76490182,47.15170292,48.53866337,49.8517358,50.91068187,51.82976252,52.63356168,53.33258185,53.96203603,54.35367564,54.32875006,54.1631018,53.95475784,53.76732649,53.61342004,53.49263274,53.40185909,53.33773671,53.29718221,53.27773887,53.27682541,53.29242178,53.32264985,53.36580181,53.42037994,53.48503496,54.53153961,55.64540344,56.77933452,57.93333287,59.10739848,60.30153135,61.51573148,62.74999887,64.00433352,65.27873544,66.57320461,67.88774105,69.22234475,70.5770157,71.95175392,73.34655941,74.76143215,76.19637215,77.65137942,79.12645395,80.62159573,82.13680478,83.67208109,85.22742466,86.8028355,88.39831359,90.01385895,91.64947156,93.30515144,94.98089858,96.67671298,98.39259464,100.1285436,101.8845597,103.6606432,105.4567939,107.2730119,109.1092971,110.9656496,112.8420693,114.7385563
12.26515335,-2.27904E-14,1.5954085,3.189961427,4.782767883,6.372801235,7.95888947,9.539525226,11.11279536,12.67602344,14.2254154,15.75522409,17.25648577,18.71532969,20.11873338,21.45132816,22.49038997,23.45949514,24.46629727,25.55713833,26.78303065,28.13851404,29.53608202,30.93512573,32.33124942,33.72180671,35.11943632,36.52519387,37.92306492,39.33511583,40.73993568,42.1447681,43.54959383,44.95441606,46.35924754,47.76404323,49.16889779,50.21203439,51.07295391,51.81392615,52.4724353,53.08522655,53.41969304,53.38988742,53.24504253,53.0605646,52.89226041,52.75357782,52.64522975,52.56471527,52.50886829,52.47513801,52.46101472,52.46430764,52.48326346,52.51622792,52.56163373,52.61806703,53.39497575,54.48615246,55.59739643,56.72870766,57.88008615,59.0515319,60.24304492,61.45462519,62.68627273,63.93798752,65.20976958,66.5016189,67.81353548,69.14551933,70.49757043,71.86968879,73.26187442,74.67412731,76.10644746,77.55883487,79.03128954,80.52381147,82.03640066,83.56905712,85.12178083,86.69457181,88.28743005,89.90035555,91.53334831,93.18640833,94.85953562,96.55273016,98.26599197,99.99932103,101.7527174,103.526181,105.3197118,107.1333099,108.9669753,110.8207079,112.6945078,114.588375,116.5023094
12.4223989,-2.10616E-14,1.606811631,3.212846643,4.817306023,6.419256949,8.017644973,9.61112171,11.19796285,12.77579304,14.34122185,15.88912398,17.41145949,18.89515059,20.32130046,21.69481756,22.82750385,23.79315503,24.79605257,25.88576022,27.12130892,28.49498429,29.91026168,31.3271316,32.74108363,34.15163168,35.56939524,36.99392284,38.41579154,39.8394104,41.26224712,42.68511045,44.10791587,45.53075492,46.9536388,48.37644542,49.51008592,50.30952133,50.99165547,51.61486417,52.21071754,52.49283277,52.46041793,52.33370368,52.17042015,52.01925701,51.89429861,51.79719615,51.72594202,51.67777323,51.65036906,51.64128636,51.64872234,51.6710584,51.70679376,51.75451272,52.268405,53.33689459,54.42545144,55.53407556,56.66276693,57.81152557,58.98035146,60.16924462,61.37820504,62.60723272,63.85632766,65.12548987,66.41471933,67.72401606,69.05338004,70.40281129,71.7723098,73.16187557,74.5715086,76.0012089,77.45097645,78.92081127,80.41071334,81.92068268,83.45071928,85.00082314,86.57099426,88.16123265,89.77153829,91.40191119,93.05235136,94.72285879,96.41343348,98.12407543,99.85478464,101.6055611,103.3764048,105.1673158,106.9782941,108.8093396,110.6604524,112.5316324,114.4228797,116.3341943,118.2655761
12.57964446,-2.06688E-14,1.617902615,3.235109258,4.850883923,6.464410854,8.074716441,9.680619332,11.28055462,12.87243349,14.45322498,16.01841879,17.56084532,19.06870225,20.52235649,21.91377955,23.16207617,24.12718749,25.12559357,26.2131975,27.45855744,28.85114387,30.28430204,31.71884382,33.15078831,34.58178448,36.02083202,37.46094957,38.90291764,40.34370701,41.78455678,43.22540442,44.66624192,46.1071206,47.5479428,48.73712053,49.54420086,50.16911349,50.75948079,51.33767382,51.57297332,51.53937102,51.42822114,51.2838155,51.14807158,51.03556466,50.94869259,50.88580384,50.84476122,50.82315289,50.818903,50.83037092,50.85605871,50.89458356,51.15182736,52.19762983,53.26349957,54.34943657,55.45544082,56.58151234,57.72765112,58.89385716,60.08013047,61.28647103,62.51287886,63.75935394,65.02589629,66.3125059,67.61918277,68.9459269,70.29273829,71.65961695,73.04656286,74.45357604,75.88065648,77.32780417,78.79501913,80.28230135,81.78965084,83.31706758,84.86455159,86.43210285,88.01972138,89.62740717,91.25516022,92.90298053,94.5708681,96.25882293,97.96684503,99.69493438,101.443091,103.2113149,104.999606,106.8079644,108.6363901,110.484883,112.3534432,114.2420706,116.1507653,118.0795273,120.0283565
12.73689002,-1.83555E-14,1.62869483,3.25677073,4.883550015,6.508316119,8.130186498,9.748107825,11.36069666,12.96608442,14.56161764,16.14329872,17.70484247,19.23579398,20.7177922,22.12484163,23.45712855,24.46168022,25.45501267,26.53944056,27.79474939,29.20710428,30.65833484,32.11046236,33.56062271,35.01256453,36.47182264,37.93029047,39.3891472,40.84800916,42.30686114,43.76571864,45.22457237,46.67263504,47.92771929,48.7660969,49.34755787,49.90582997,50.46206121,50.65977364,50.62583554,50.52780628,50.40024964,50.27843415,50.17728198,50.09966712,50.04447775,50.00994751,49.99374995,49.9941162,50.00948722,50.03846382,50.07976404,51.06835819,52.1115408,53.17479068,54.25810783,55.36149223,56.48494389,57.62846282,58.792049,59.97570245,61.17942316,62.40321113,63.64706636,64.91098885,66.1949786,67.49903562,68.82315989,70.16735143,71.53161023,72.91593629,74.32032961,75.74479019,77.18931803,78.65391314,80.1385755,81.64330513,83.16810202,84.71296617,86.27789758,87.86289625,89.46796218,91.09309538,92.73829583,94.40356355,96.08889853,97.79430077,99.51977027,101.265307,103.0309111,104.8165823,106.6223209,108.4481267,110.2939998,112.1599401,114.0459477,115.9520225,117.8781646,119.824374,121.7906506
12.89413557,-1.96168E-14,1.639204966,3.277854734,4.915343191,6.551023699,8.184120521,9.813681795,11.43849325,13.05689475,14.66656069,16.26397772,17.84367113,19.39649136,20.90610677,22.34333486,23.71264506,24.79673242,25.78442782,26.86449606,28.1297953,29.56295096,31.03241646,32.50210128,33.96986312,35.44481466,36.92201572,38.39859351,39.87543083,41.3522994,42.82917104,44.29688359,45.7666463,47.10253589,47.95837705,48.5229597,49.05293058,49.58423928,49.75274812,49.71895897,49.63187996,49.51925248,49.41006346,49.31930331,49.25007992,49.20205235,49.17345092,49.16235492,49.16711816,49.186252,49.21843692,49.94907965,50.96957515,52.01013791,53.07076794,54.15146522,55.25222977,56.37306158,57.51396065,58.67492698,59.85596057,61.05706142,62.27822954,63.51946491,64.78076755,66.06213745,67.3635746,68.68507902,70.02665071,71.38828965,72.76999585,74.17176932,75.59361004,77.03551803,78.49749328,79.97953579,81.48164556,83.00382259,84.54606689,86.10837844,87.69075726,89.29320334,90.91571668,92.55829728,94.22094514,95.90366026,97.60644264,99.32929229,101.0722092,102.8351934,104.6182448,106.4213635,108.2445494,110.0878026,111.9511231,113.8345109,115.7379658,117.6614881,119.6050776,121.5687344,123.5524584
13.05138113,-1.54344E-14,1.649443568,3.298384473,4.946296934,6.592589346,8.236580366,9.877426134,11.51404477,13.14499305,14.76821203,16.38066087,17.97755856,19.55102639,21.08684129,22.55773426,23.93834171,25.13246301,26.11398498,27.18839419,28.46370016,29.91882876,31.40655239,32.89424864,34.38240623,35.87705146,37.37197286,38.86686918,40.36172827,41.85629931,43.33742315,44.80490339,46.212362,47.15439694,47.68635665,48.19957666,48.70593141,48.85110384,48.8178633,48.73999505,48.6403927,48.54266656,48.46136644,48.39988938,48.35843291,48.33536961,48.32909772,48.33805035,48.36080815,48.83979422,49.8376026,50.85547825,51.89342116,52.95143133,54.02950876,55.12765345,56.2458654,57.38414461,58.54249109,59.72090483,60.91938582,62.13793408,63.3765496,64.63523238,65.91398242,67.21279973,68.53168429,69.87063612,71.22965521,72.60874155,74.00789516,75.42711603,76.86640417,78.32575956,79.80518221,81.30467213,82.82422931,84.36385375,85.92354545,87.50330441,89.10313063,90.72302411,92.36298486,94.02301286,95.70310813,97.40327066,99.12350045,100.8637975,102.6241618,104.4045934,106.2050922,108.0256583,109.8662917,111.7269923,113.6077602,115.5085953,117.4294977,119.3704674,121.3315043,123.3126085,125.3137799
13.20862668,-2.12259E-14,1.659418409,3.318385348,4.976443069,6.633058144,8.287626486,9.939413829,11.58745549,13.23049481,14.86673458,16.49353097,18.10675907,19.69965907,21.26004545,22.76404922,24.16644704,25.46439597,26.44387126,27.51117419,28.79658292,30.27490049,31.78064954,33.28697968,34.79701323,36.30932286,37.82222772,39.33512866,40.84805889,42.36039919,43.84159681,45.28924715,46.36395367,46.84005214,47.34232971,47.82806605,47.954335,47.92166511,47.85142677,47.76324627,47.67596625,47.6031907,47.54899078,47.5135713,47.4957414,47.49405017,47.50700935,47.7405019,48.71562317,49.7108117,50.72606749,51.76139054,52.81678086,53.89223843,54.98776327,56.10335536,57.23901472,58.39474134,59.57053522,60.76639636,61.98232477,63.21832043,64.47438335,65.75051354,67.04671099,68.3629757,69.69930767,71.0557069,72.43217339,73.82870715,75.24530816,76.68197644,78.13871198,79.61551478,81.11238484,82.62932216,84.16632674,85.72339858,87.30053769,88.89774406,90.51501768,92.15235857,93.80976672,95.48724213,97.18478481,98.90239474,100.6400719,102.3978164,104.1756281,105.9735071,107.7914533,109.6294668,111.4875476,113.3656956,115.2639109,117.1821934,119.1205433,121.0789603,123.0574447,125.0559962,127.0746151
13.36587224,-1.35505E-14,1.669139333,3.337878122,5.005811163,6.672471136,8.337320053,9.999714278,11.65881434,13.31351229,14.96226661,16.60277099,18.23150327,19.84267835,21.42600128,22.96114901,24.40448053,25.74913764,26.77432096,27.83291119,29.12854138,30.63122374,32.15475858,33.67979586,35.21069431,36.74158886,38.27249084,39.80335858,41.33441567,42.86469911,44.34677181,45.59365019,45.99808973,46.47734392,46.95008712,47.06185515,47.02975621,46.96563378,46.88736777,46.80962234,46.74463787,46.6971478,46.66740952,46.65455257,46.65723468,46.6740441,47.60363684,48.57613826,49.56870693,50.58134287,51.61404606,52.66681652,53.73965424,54.83255922,55.94553146,57.07857096,58.23167773,59.40485175,60.59809304,61.81140159,63.04477739,64.29822046,65.5717308,66.86530839,68.17895324,69.51266536,70.86644473,72.24029137,73.63420527,75.04818643,76.48223485,77.93635053,79.41053348,80.90478368,82.41910115,83.95348587,85.50793786,87.08245711,88.67704362,90.29169739,91.92641843,93.58120672,95.25606228,96.9509851,98.66597517,100.4010325,102.1561571,103.931349,105.7266081,107.5419345,109.3773281,111.232789,113.1083172,115.0039126,116.9195753,118.8553053,120.8111025,122.786967,124.7828987,126.7988977,128.834964
13.52311779,-1.76565E-14,1.678615896,3.356880796,5.034433013,6.710867327,8.385711616,10.05839592,11.72820233,13.39415819,15.05493744,16.70856013,18.35200774,19.98039342,21.585054,23.14901406,24.63470618,25.98991601,27.1056121,28.15365591,29.46002017,30.98753578,32.52781864,34.07602558,35.62491845,37.17385136,38.72275038,40.27166956,41.82056713,43.36935447,44.80334678,45.16447829,45.61027367,46.07061059,46.17269382,46.14146578,46.08218617,46.01248205,45.94315639,45.88549449,45.84420461,45.81986141,45.81175282,45.81863449,46.50164363,47.45145793,48.42133948,49.4112883,50.42130438,51.45138772,52.50153832,53.57175619,54.66204131,55.7723937,56.90281334,58.05330025,59.22385442,60.41447585,61.62516454,62.8559205,64.10674371,65.37763419,66.66859193,67.97961692,69.31070918,70.6618687,72.03309548,73.42438953,74.83575083,76.2671794,77.71867522,79.19023831,80.68186866,82.19356627,83.72533114,85.27716328,86.84906267,88.44102933,90.05306324,91.68516442,93.33733286,95.00956856,96.70187152,98.41424174,100.1466792,101.899184,103.671756,105.4643952,107.2771018,109.1098756,110.9627166,112.8356249,114.7286005,116.6416433,118.5747534,120.5279308,122.5011754,124.4944873,126.5078664,128.5413128,130.5948265
13.68036335,-1.74025E-14,1.687858173,3.375412832,5.062339921,6.748287389,8.432850419,10.11552531,11.79569638,13.4725287,15.14487364,16.81105373,18.46848948,20.11308333,21.73759399,23.32801978,24.85329402,26.23691119,27.43807418,28.47328389,29.79159299,31.34275155,32.90533554,34.47226656,36.03917605,37.60609965,39.1725941,40.73245013,42.30359411,43.87377694,44.34470918,44.74580989,45.18933911,45.28549285,45.25598461,45.20080515,45.13834281,45.07644637,45.02550122,44.9900153,44.97081817,44.9672668,45.40964352,46.3367707,47.28396514,48.25122685,49.23855581,50.24595203,51.27341552,52.32094626,53.38854427,54.47620954,55.58394207,56.71174186,57.85960892,59.02754323,60.2155448,61.42361364,62.65174974,63.8999531,65.16822372,66.4565616,67.76496674,69.09343915,70.44197881,71.81058574,73.19925992,74.60800137,76.03681008,77.48568605,78.95462929,80.44363978,81.95271754,83.48186255,85.03107483,86.60035437,88.18970117,89.79911523,91.42859655,93.07814513,94.74776098,96.43744408,98.14719445,99.87701208,101.626897,103.3968491,105.1868685,106.9969552,108.8271091,110.6773303,112.5476188,114.4379745,116.3483975,118.2788877,120.2294452,122.20007,124.190762,126.2015213,128.2323479,130.2832417,132.3542027
13.83760891,-1.99487E-14,1.696875121,3.393489747,5.089556668,6.784771743,8.478787964,10.17116796,11.86137827,13.54871455,15.23219716,16.91039885,18.58115029,20.24101464,21.88401631,23.49867523,25.05985936,26.50164587,27.7720215,28.79207044,30.12429222,31.69627521,33.28354046,34.86848992,36.45342261,38.03837365,39.61234475,41.17639153,42.74967975,43.53918119,43.88467387,44.30990446,44.39937552,44.37231394,44.32113999,44.26466176,44.20936352,44.16450355,44.13447536,44.12017408,44.32763653,45.23207659,46.15658391,47.1011585,48.06580035,49.05050945,50.05528582,51.08012945,52.12504034,53.19001849,54.27506391,55.38017658,56.50535652,57.65060372,58.81591817,60.00129989,61.20674887,62.43226512,63.67784862,64.94349938,66.22921741,67.5350027,68.86085525,70.20677506,71.57276213,72.95881646,74.36493805,75.79112691,77.23738302,78.7037064,80.19009704,81.69655494,83.2230801,84.76967252,86.3363322,87.92305915,89.52985335,91.15671482,92.80364355,94.47063953,96.15770279,97.8648333,99.59203107,101.3392961,103.1066284,104.894028,106.7014948,108.5290289,110.3766302,112.2442988,114.1320347,116.0398378,117.9677082,119.9156458,121.8836507,123.8717229,125.8798623,127.908069,129.956343,132.0246842,134.1130927
13.99485446,-1.11853E-14,1.705674795,3.411125414,5.116105001,6.820350759,8.523564296,10.2253766,11.92532675,13.62281553,15.31702065,17.00673966,18.69017091,20.36445047,22.02468176,23.6615444,25.25496761,26.75245972,28.06025861,29.11057925,30.45822837,32.05885256,33.66175802,35.26473275,36.86765696,38.47060593,40.05146486,41.61920051,42.72114406,43.0279339,43.43283757,43.51497022,43.48979671,43.44252131,43.39097734,43.34162503,43.30236614,43.27747219,43.26783638,44.13737559,45.0391958,45.96108326,46.90303799,47.86505998,48.84714924,49.84930575,50.87152952,51.91382056,52.97617885,54.05860441,55.16109723,56.28365731,57.42628465,58.58897926,59.77174112,60.97457025,62.19746663,63.44043028,64.70346119,65.98655936,67.28972479,68.61295748,69.95625744,71.31962465,72.70305913,74.10656087,75.53012987,76.97376613,78.43746965,79.92124043,81.42507847,82.94898378,84.49295635,86.05699617,87.64110326,89.24527761,90.86951922,92.5138281,94.17820423,95.86264762,97.56715828,99.2917362,101.0363814,102.8010938,104.5858735,106.3907205,108.2156347,110.0606162,111.9256649,113.8107809,115.7159642,117.6412147,119.5865325,121.5519176,123.5373699,125.5428895,127.5684763,129.6141304,131.6798518,133.7656404,135.8714963
14.15210002,-1.04115E-14,1.714263626,3.428334488,5.142006177,6.855052992,8.567219989,10.27819823,11.98759862,13.69491318,15.39945902,17.10022699,18.79572351,20.48362796,22.15993316,23.81716946,25.43945608,26.98615067,28.32104323,29.42999955,30.79494727,32.41905674,34.04001369,35.66095525,37.28190659,38.9028596,40.49300715,41.80765174,42.1724926,42.55828115,42.63339734,42.60804589,42.56451781,42.51708953,42.47300729,42.43894232,42.41888431,43.0526677,43.93180079,44.83100114,45.75026875,46.68960362,47.64900576,48.62847515,49.62801181,50.64761573,51.68728691,52.74702535,53.82683105,54.92670402,56.04664424,57.18665173,58.34672648,59.52686849,60.72707776,61.94735429,63.18769808,64.44810913,65.72858745,67.02913302,68.34974586,69.69042596,71.05117332,72.43198794,73.83286982,75.25381896,76.69483537,78.15591903,79.63706996,81.13828815,82.6595736,84.20092631,85.76234628,87.34383352,88.94538801,90.56700977,92.20869878,93.87045506,95.5522786,97.2541694,98.97612746,100.7181528,102.4802454,104.2624052,106.0646323,107.8869267,109.7292883,111.5917172,113.4742134,115.3767768,117.2994074,119.2421054,121.2048706,123.187703,125.1906028,127.2135697,129.256604,131.3197055,133.4028742,135.5061103,137.6294136
14.30934557,-1.27565E-14,1.722647865,3.445131639,5.167280768,6.88890623,8.609791633,10.3296794,12.04825019,13.76507747,15.47959701,17.19098477,18.89800275,20.59877024,22.29009888,23.96604938,25.61421388,27.20360416,28.62943708,29.75265371,31.14030005,32.77926804,34.41822328,36.05719007,37.69613858,39.33511178,40.82057543,41.31407977,41.685115,41.75448144,41.72792852,41.68657456,41.64278298,41.60338075,41.57410705,41.97795291,42.83439889,43.71091212,44.60749262,45.52414037,46.46085539,47.41763767,48.39448721,49.39140401,50.40838808,51.4454394,52.50255799,53.57974383,54.67699694,55.79431731,56.93170494,58.08915983,59.26668199,60.4642714,61.68192808,62.91965201,64.17744321,65.45530167,66.75322739,68.07122037,69.40928062,70.76740812,72.14560289,73.54386491,74.9621942,76.40059075,77.85905456,79.33758563,80.83618396,82.35484956,83.89358241,85.45238253,87.03124991,88.63018455,90.24918645,91.88825561,93.54739203,95.22659571,96.92586666,98.64520486,100.3846103,102.1440831,103.9236231,105.7232303,107.5429048,109.3826466,111.2424556,113.1223319,115.0222755,116.9422863,118.8823644,120.8425097,122.8227223,124.8230022,126.8433493,128.8837637,130.9442453,133.0247942,135.1254104,137.2460938,139.3868445
14.46659113,-1.14325E-14,1.730833271,3.461529471,5.191948743,6.921937305,8.651313793,10.37986669,12.10733648,13.83337538,15.55752175,17.27911278,18.99714708,20.71011491,22.41548551,24.10864825,25.78006211,27.40641313,28.91185082,30.07754213,31.48250558,33.13947489,34.79644542,36.45342015,38.11038077,39.72770169,40.43710053,40.8112004,40.8774931,40.84936131,40.80868646,40.76797383,40.73271373,40.91323124,41.7469901,42.60081621,43.47470959,44.36867023,45.28269814,46.2167933,47.17095572,48.14518541,49.13948235,50.15384656,51.18827803,52.24277676,53.31734275,54.411976,55.52667652,56.66144429,57.81627933,58.99118163,60.18615119,61.40118801,62.63629209,63.89146343,65.16670203,66.4620079,67.77738102,69.11282141,70.46832906,71.84390397,73.23954614,74.65525557,76.09103227,77.54687622,79.02278744,80.51876591,82.03481165,83.57092465,85.12710491,86.70335244,88.29966722,89.91604926,91.55249857,93.20901514,94.88559896,96.58225005,98.2989684,100.035754,101.7926069,103.569527,105.3665144,107.1835691,109.020691,110.8778802,112.7551366,114.6524603,116.5698513,118.5073095,120.464835,122.4424277,124.4400877,126.457815,128.4956095,130.5534713,132.6314004,134.7293967,136.8474603,138.9855911,141.1437892
14.62383668,-8.25493E-15,1.7388258,3.477540005,5.216029813,6.954171981,8.691819748,10.42880219,12.16491103,13.89987197,15.63331437,17.36471299,19.09328098,20.81783039,22.53639795,24.24541851,25.9377439,27.59617832,29.16695943,30.39344044,31.82459642,33.49967592,35.17466586,36.84965328,38.52463901,39.5334705,39.93529995,40.00163343,39.97175671,39.93124201,39.89278426,39.86106978,40.66957442,41.50071342,42.35191968,43.2231932,44.11453399,45.02594203,45.95741734,46.90895991,47.88056974,48.87224683,49.88399118,50.9158028,51.96768167,53.03962781,54.1316412,55.24372186,56.37586978,57.52808496,58.7003674,59.89271711,61.10513407,62.3376183,63.59016978,64.86278853,66.15547454,67.46822781,68.80104834,70.15393614,71.52689119,72.91991351,74.33300308,75.76615992,77.21938402,78.69267538,80.186034,81.69945989,83.23295303,84.78651344,86.3601411,87.95383603,89.56759822,91.20142767,92.85532438,94.52928835,96.22331959,97.93741808,99.67158384,101.4258169,103.2001171,104.9944847,106.8089195,108.6434215,110.4979909,112.3726274,114.2673313,116.1821024,118.1169408,120.0718464,122.0468193,124.0418594,126.0569669,128.0921415,130.1473835,132.2226927,134.3180691,136.4335128,138.5690238,140.7246021,142.9002476
14.78108224,-7.78736E-15,1.746631338,3.493174787,5.239541643,6.985635058,8.731341426,10.4765259,12.2210259,13.96462977,15.70705192,17.44788615,19.18652909,20.92207804,22.6530471,24.37677847,26.08796097,27.77431461,29.39861626,30.77201964,32.16695289,33.85989405,35.55289984,37.24588025,38.62528235,39.05089151,39.12642918,39.09415044,39.05368912,39.01730395,39.60215185,40.41060373,41.23912288,42.08770928,42.95636295,43.84508388,44.75387207,45.68272752,46.63165024,47.60064021,48.58969744,49.59882194,50.6280137,51.67727272,52.746599,53.83599254,54.94545334,56.07498141,57.22457673,58.39423932,59.58396917,60.79376627,62.02363064,63.27356228,64.54356117,65.83362732,67.14376074,68.47396141,69.82422935,71.19456455,72.58496701,73.99543673,75.42597371,76.87657796,78.34724946,79.83798823,81.34879426,82.87966754,84.43060809,86.00161591,87.59269098,89.20383331,90.83504291,92.48631976,94.15766388,95.84907526,97.5605539,99.2920998,101.043713,102.8153934,104.6071411,106.418956,108.2508382,110.1027877,111.9748044,113.8668884,115.7790397,117.7112582,119.6635439,121.635897,123.6283173,125.6408048,127.6733597,129.7259817,131.7986711,133.8914277,136.0042515,138.1371427,140.2901011,142.4631267,144.6562196
14.9383278,-5.21805E-15,1.754255502,3.508444884,5.262501004,7.016350735,8.769909395,10.52307612,12.27572859,14.02770909,15.77880821,17.5287247,19.27701183,21.02301462,22.76565269,24.50302117,26.23135818,27.94208484,29.61044905,31.12077407,32.50910254,34.22010809,35.93112074,37.604846,38.15375179,38.25119881,38.21548445,38.17557273,38.54472239,39.33048715,40.13631918,40.96221847,41.80818502,42.67421884,43.56031991,44.46648824,45.39272384,46.3390267,47.30539682,48.2918342,49.29833884,50.32491074,51.3715499,52.43825633,53.52503001,54.63187096,55.75877917,56.90575464,58.07279737,59.25990736,60.46708462,61.69432913,62.94164091,64.20901994,65.49646624,66.8039798,68.13156062,69.4792087,70.84692405,72.23470665,73.64255652,75.07047364,76.51845803,77.98650968,79.47462859,80.98281476,82.5110682,84.05938889,85.62777685,87.21623206,88.82475454,90.45334428,92.10200128,93.77072554,95.45951707,97.16837585,98.8973019,100.6462952,102.4153558,104.2044836,106.0136787,107.842941,109.6922707,111.5616675,113.4511317,115.3606631,117.2902617,119.2399276,121.2096608,123.1994613,125.209329,127.2392639,129.2892661,131.3593356,133.4494724,135.5596764,137.6899477,139.8402862,142.010692,144.201165,146.4117054
15.09557335,-3.44169E-15,1.761703649,3.5233609,5.284923989,7.046341199,8.807552952,10.56848954,12.3290644,14.08916741,15.84865362,17.60731621,19.36484394,21.12078931,22.87442007,24.62445072,26.36838675,28.10062411,29.80545787,31.41558589,32.85494611,34.58031939,36.30575536,37.25545126,37.37460831,37.33567199,37.49728604,38.26036369,39.0435086,39.84672077,40.67000021,41.5133469,42.37676086,43.26024208,44.16379056,45.0874063,46.0310893,46.99483956,47.97865709,48.98254187,50.00649392,51.05051323,52.1145998,53.19875363,54.30297472,55.42726307,56.57161868,57.73604156,58.9205317,60.12508909,61.34971375,62.59440567,63.85916486,65.1439913,66.448885,67.77384597,69.11887419,70.48396968,71.86913243,73.27436244,74.69965971,76.14502424,77.61045604,79.09595509,80.60152141,82.12715499,83.67285583,85.23862393,86.82445929,88.43036191,90.05633179,91.70236894,93.36847334,95.05464501,96.76088394,98.48719013,100.2335636,102.0000043,103.7865123,105.5930875,107.41973,109.2664398,111.1332168,113.0200611,114.9269726,116.8539514,118.8009975,120.7681108,122.7552914,124.7625392,126.7898543,128.8372367,130.9046863,132.9922032,135.0997874,137.2274388,139.3751575,141.5429434,143.7307966,145.9387171,148.1667048
15.25281891,-1.249E-15,1.768980892,3.537932988,5.306826025,7.075627527,8.84430026,10.61280119,12.3810766,14.1490579,15.9166555,17.68374395,19.45013095,21.21554328,22.97954115,24.74135312,26.49950385,28.25073641,29.98618293,31.67024908,33.21377177,34.94067443,36.35261413,36.49615842,36.4598428,37.20023333,37.96069112,38.74121618,39.5418085,40.36246808,41.20319492,42.06398902,42.94485038,43.84577901,44.76677489,45.70783804,46.66896844,47.65016611,48.65143104,49.67276323,50.71416269,51.7756294,52.85716338,53.95876461,55.08043311,56.22216887,57.38397189,58.56584217,59.76777971,60.98978451,62.23185658,63.4939959,64.77620249,66.07847634,67.40081745,68.74322582,70.10570145,71.48824435,72.8908545,74.31353192,75.75627659,77.21908853,78.70196773,80.20491419,81.72792791,83.2710089,84.83415714,86.41737265,88.02065542,89.64400544,91.28742273,92.95090728,94.63445909,96.33807817,98.0617645,99.8055181,101.569339,103.3532271,105.1571825,106.9812051,108.825295,110.6894522,112.5736766,114.4779683,116.4023272,118.3467534,120.3112469,122.2958076,124.3004356,126.3251309,128.3698934,130.4347232,132.5196202,134.6245845,136.749616,138.8947149,141.0598809,143.2451143,145.4504149,147.6757828,149.9212179
15.41006446,4.13539E-12,1.776092871,3.552172245,5.328223769,7.104232049,8.8801796,10.65604631,12.43180753,14.20743145,15.98287723,17.75808701,19.53297254,21.30740818,23.08119514,24.85398752,26.62512838,28.39319544,30.15441192,31.89450708,33.55180522,35.30075438,35.61337095,36.15009608,36.88786676,37.6457047,38.4236099,39.22158236,40.03962209,40.87772907,41.73590332,42.61414482,43.51245359,44.43082962,45.36927291,46.32778346,47.30636128,48.30500635,49.32371869,50.36249828,51.42134514,52.50025926,53.59924064,54.71828928,55.85740519,57.01658835,58.19583878,59.39515646,60.61454141,61.85399362,63.11351309,64.39309982,65.69275382,67.01247507,68.35226359,69.71211936,71.0920424,72.4920327,73.91209026,75.35221508,76.81240716,78.29266651,79.79299311,81.31338698,82.85384811,84.4143765,85.99497215,87.59563506,89.21636523,90.85716266,92.51802736,94.19895932,95.89995853,97.62102501,99.36215875,101.1233598,102.904628,104.7059635,106.5273663,108.3688364,110.2303737,112.1119782,114.0136501,115.9353892,117.8771955,119.8390691,121.82101,123.8230181,125.8450935,127.8872362,129.9494461,132.0317233,134.1340677,136.2564794,138.3989584,140.5615046,142.7441181,144.9467989,147.1695469,149.4123622,151.6752447
15.56731002,0,1.783047763,3.566095525,5.349143288,7.13219105,8.915238813,10.69828658,12.48133434,14.2643821,16.04742986,17.83047763,19.61352539,21.39657315,23.17962091,24.96266868,26.74571644,28.5287642,30.31181196,32.09485973,33.87790749,35.10995194,35.82503551,36.56018633,37.31540441,38.09068976,38.88604236,39.70146223,40.53694936,41.39250375,42.2681254,43.16381432,44.07957049,45.01539393,45.97128462,46.94724258,47.9432678,48.95936028,49.99552002,51.05174702,52.12804129,53.22440281,54.3408316,55.47732765,56.63389095,57.81052152,59.00721936,60.22398445,61.4608168,62.71771642,63.99468329,65.29171743,66.60881883,67.94598749,69.30322341,70.68052659,72.07789704,73.49533474,74.93283971,76.39041193,77.86805142,79.36575817,80.88353218,82.42137345,83.97928199,85.55725778,87.15530084,88.77341116,90.41158873,92.06983357,93.74814567,95.44652504,97.16497166,98.90348554,100.6620667,102.4407151,104.2394308,106.0582137,107.8970639,109.7559813,111.634966,113.534018,115.4531373,117.3923238,119.3515775,121.3308985,123.3302868,125.3497424,127.3892652,129.4488552,131.5285125,133.6282371,135.748029,137.8878881,140.0478145,142.2278081,144.427869,146.6479971,148.8881926,151.1484552,153.4287852
